issue,hundreds,tens,ones
2002001,0,7,3
2002002,2,3,7
2002003,0,7,1
2002004,2,0,4
2002005,3,7,4
2002006,1,2,8
2002007,8,4,9
2002008,8,5,2
2002009,1,5,5
2002010,7,9,5
2002011,2,1,7
2002012,4,8,2
2002013,9,8,6
2002014,2,3,2
2002015,8,7,1
2002016,1,7,1
2002017,1,0,2
2002018,1,7,8
2002019,4,4,6
2002020,7,3,7
2002021,8,5,9
2002022,9,4,7
2002023,6,8,1
2002024,1,9,7
2002025,5,1,3
2002026,7,8,0
2002027,2,4,8
2002028,8,1,0
2002029,9,5,3
2002030,5,2,5
2002031,5,1,1
2002032,1,3,3
2002033,9,6,4
2002034,7,3,4
2002035,9,1,2
2002036,3,3,4
2002037,7,0,6
2002038,5,1,6
2002039,6,2,2
2002040,3,0,5
2002041,4,3,6
2002042,1,1,6
2002043,1,9,0
2002044,0,8,2
2002045,0,9,8
2002046,6,4,6
2002047,1,1,8
2002048,4,0,9
2002049,8,3,0
2002050,3,5,2
2002051,4,7,6
2002052,5,6,5
2002053,3,5,2
2002054,4,5,7
2002055,0,3,7
2002056,7,3,3
2002057,7,6,3
2002058,8,0,0
2002059,8,1,8
2002060,6,9,2
2002061,8,7,8
2002062,3,4,1
2002063,4,0,8
2002064,7,7,9
2002065,8,5,2
2002066,1,2,1
2002067,6,5,7
2002068,4,8,2
2002069,8,7,4
2002070,9,3,3
2002071,8,3,0
2002072,2,2,2
2002073,7,0,8
2002074,3,1,9
2002075,2,7,6
2002076,8,6,7
2002077,2,3,9
2002078,2,7,3
2002079,1,3,2
2002080,4,4,3
2002081,5,5,6
2002082,4,6,0
2002083,3,1,5
2002084,0,8,3
2002085,1,0,6
2002086,2,9,9
2002087,2,8,3
2002088,7,7,5
2002089,9,5,6
2002090,5,5,3
2002091,3,6,0
2002092,4,3,5
2002093,2,1,8
2002094,2,8,3
2002095,7,8,6
2002096,4,2,7
2002097,1,5,5
2002098,1,5,9
2002099,9,1,3
2002100,6,3,5
2002101,2,2,4
2002102,0,1,2
2002103,0,8,8
2002104,8,1,8
2002105,9,3,3
2002106,2,8,7
2002107,3,1,4
2002108,5,8,4
2002109,6,2,5
2002110,3,4,4
2002111,0,9,1
2002112,9,9,0
2002113,2,1,1
2002114,4,9,3
2002115,0,3,2
2002116,8,8,8
2002117,8,4,2
2002118,4,4,8
2002119,0,7,5
2002120,7,7,0
2002121,3,8,1
2002122,4,9,4
2002123,2,6,5
2002124,0,4,2
2002125,5,3,3
2002126,0,0,5
2002127,4,2,4
2002128,8,1,3
2002129,7,2,7
2002130,3,2,8
2002131,3,8,7
2002132,7,7,3
2002133,5,7,4
2002134,8,4,1
2002135,0,7,8
2002136,2,0,6
2002137,8,6,0
2002138,4,9,3
2002139,1,8,4
2002140,6,5,1
2002141,4,6,1
2002142,2,4,7
2002143,3,5,7
2002144,3,2,3
2002145,2,1,3
2002146,2,0,8
2002147,6,8,3
2002148,7,9,3
2002149,0,9,4
2002150,4,9,0
2002151,3,9,6
2002152,9,9,2
2002153,9,0,9
2002154,8,3,5
2002155,5,5,7
2002156,1,8,9
2002157,5,9,9
2002158,7,5,4
2002159,1,1,6
2002160,3,2,2
2002161,8,4,0
2002162,1,8,0
2002163,8,0,9
2002164,3,4,1
2002165,3,2,2
2002166,4,1,3
2002167,5,4,3
2002168,6,2,0
2002169,4,0,5
2002170,1,5,6
2002171,2,3,3
2002172,8,2,7
2002173,3,9,2
2002174,3,5,1
2002175,1,3,9
2002176,5,1,9
2002177,2,4,2
2002178,3,4,5
2002179,8,6,1
2002180,5,5,1
2002181,9,8,3
2002182,0,9,2
2002183,6,7,4
2002184,6,0,5
2002185,2,2,3
2002186,3,9,6
2002187,9,6,6
2002188,6,3,0
2002189,1,4,0
2002190,1,7,1
2002191,8,9,3
2002192,0,6,8
2002193,0,7,5
2002194,3,1,8
2002195,6,5,7
2002196,4,2,8
2002197,9,0,5
2002198,6,5,6
2002199,9,2,0
2002200,0,7,6
2002201,5,8,1
2002202,5,8,8
2002203,3,8,7
2002204,1,7,9
2002205,6,2,5
2002206,2,9,7
2002207,6,3,2
2002208,4,7,4
2002209,9,8,4
2002210,0,8,6
2002211,0,7,1
2002212,5,6,5
2002213,4,6,0
2002214,5,4,6
2002215,8,5,3
2002216,5,9,6
2002217,7,9,1
2002218,5,6,4
2002219,1,1,2
2002220,3,0,2
2002221,8,7,6
2002222,3,4,1
2002223,7,9,0
2002224,3,7,7
2002225,9,0,3
2002226,6,8,4
2002227,5,4,9
2002228,5,7,6
2002229,4,7,7
2002230,6,1,1
2002231,2,5,3
2002232,0,4,0
2002233,1,7,1
2002234,4,5,2
2002235,1,6,3
2002236,4,1,8
2002237,6,6,2
2002238,8,1,7
2002239,6,0,2
2002240,7,1,1
2002241,7,5,2
2002242,5,2,0
2002243,0,7,3
2002244,0,6,4
2002245,4,6,8
2002246,8,8,4
2002247,2,6,5
2002248,2,5,1
2002249,0,0,0
2002250,2,7,1
2002251,0,8,2
2002252,9,9,1
2002253,2,0,0
2002254,4,4,4
2002255,6,8,7
2002256,6,2,4
2002257,3,9,5
2002258,0,9,9
2002259,9,8,1
2002260,1,4,3
2002261,2,2,7
2002262,7,1,4
2002263,8,5,7
2002264,8,7,6
2002265,9,1,2
2002266,8,0,5
2002267,7,5,4
2002268,9,7,5
2002269,5,1,1
2002270,7,9,1
2002271,0,9,0
2002272,7,6,8
2002273,3,0,1
2002274,5,5,6
2002275,7,0,5
2002276,7,8,7
2002277,7,4,3
2002278,3,2,1
2002279,7,7,6
2002280,3,0,0
2002281,8,4,3
2002282,5,3,0
2002283,8,5,4
2002284,8,8,6
2002285,7,6,1
2002286,3,4,7
2002287,1,0,2
2002288,3,6,0
2002289,7,8,1
2002290,0,4,7
2002291,0,4,5
2002292,8,2,3
2002293,9,3,0
2002294,0,8,0
2002295,9,6,7
2002296,7,3,0
2002297,6,4,3
2002298,1,9,1
2002299,3,6,8
2002300,7,2,8
2002301,8,2,6
2002302,8,4,0
2002303,5,8,5
2002304,9,7,6
2002305,7,6,6
2002306,4,7,3
2002307,3,5,5
2002308,2,3,5
2002309,6,1,9
2002310,2,5,8
2002311,8,1,5
2002312,8,8,2
2002313,5,0,8
2002314,7,6,4
2002315,8,5,2
2002316,8,8,2
2002317,1,6,7
2002318,2,2,8
2002319,1,1,5
2002320,0,1,3
2002321,3,8,9
2002322,7,4,7
2002323,1,7,2
2002324,3,8,9
2002325,5,5,3
2002326,9,6,3
2002327,8,0,4
2002328,7,5,0
2002329,9,8,0
2002330,5,4,2
2002331,4,9,3
2002332,3,0,6
2002333,8,4,5
2002334,4,5,5
2002335,1,6,8
2002336,2,2,6
2002337,9,5,3
2002338,5,2,6
2002339,4,7,2
2002340,6,1,0
2002341,4,4,1
2002342,6,3,2
2002343,6,3,9
2002344,0,7,0
2002345,1,8,7
2002346,0,3,1
2002347,9,4,2
2002348,2,7,0
2002349,9,8,5
2002350,2,6,1
2002351,5,9,8
2002352,1,5,9
2002353,0,0,8
2002354,8,0,7
2002355,6,1,5
2002356,5,9,6
2002357,9,3,8
2002358,6,2,8
2003001,0,4,0
2003002,0,3,8
2003003,0,5,3
2003004,4,7,5
2003005,0,9,0
2003006,1,4,3
2003007,3,9,6
2003008,6,6,8
2003009,9,0,8
2003010,1,7,1
2003011,9,8,9
2003012,5,1,8
2003013,0,7,9
2003014,8,3,2
2003015,1,9,6
2003016,0,5,4
2003017,1,6,1
2003018,8,3,8
2003019,5,6,6
2003020,3,8,7
2003021,0,3,1
2003022,3,9,1
2003023,4,4,1
2003024,8,3,8
2003025,4,1,5
2003026,3,3,9
2003027,3,7,8
2003028,5,9,3
2003029,0,2,2
2003030,6,2,9
2003031,0,0,8
2003032,8,9,8
2003033,2,9,1
2003034,6,6,8
2003035,2,3,5
2003036,7,9,1
2003037,8,1,4
2003038,0,1,1
2003039,8,4,2
2003040,3,3,9
2003041,2,6,9
2003042,9,9,3
2003043,2,5,9
2003044,5,6,4
2003045,9,2,4
2003046,4,6,3
2003047,8,1,4
2003048,8,3,3
2003049,1,3,5
2003050,4,1,6
2003051,3,1,4
2003052,0,1,4
2003053,5,8,0
2003054,8,9,7
2003055,7,9,5
2003056,7,2,7
2003057,7,0,6
2003058,6,5,8
2003059,3,6,3
2003060,8,6,6
2003061,9,0,1
2003062,6,9,9
2003063,9,4,9
2003064,7,2,1
2003065,7,2,4
2003066,6,5,0
2003067,7,2,0
2003068,2,1,1
2003069,2,7,9
2003070,4,6,6
2003071,8,3,6
2003072,2,1,1
2003073,8,6,2
2003074,7,2,5
2003075,1,7,4
2003076,2,3,8
2003077,9,1,5
2003078,0,1,6
2003079,2,0,7
2003080,7,7,4
2003081,3,8,9
2003082,7,3,2
2003083,2,3,8
2003084,7,6,3
2003085,5,1,9
2003086,8,1,2
2003087,5,5,0
2003088,1,6,8
2003089,5,1,6
2003090,8,2,2
2003091,5,5,7
2003092,3,4,8
2003093,5,3,6
2003094,8,9,0
2003095,4,9,6
2003096,8,6,0
2003097,7,0,9
2003098,9,9,7
2003099,5,4,7
2003100,3,0,6
2003101,1,6,5
2003102,8,0,4
2003103,3,4,0
2003104,5,2,6
2003105,2,3,6
2003106,7,8,5
2003107,5,1,8
2003108,9,7,5
2003109,6,7,8
2003110,8,8,4
2003111,8,0,3
2003112,2,8,6
2003113,8,6,5
2003114,7,0,5
2003115,7,0,5
2003116,7,5,8
2003117,3,7,8
2003118,8,9,1
2003119,1,0,6
2003120,8,9,1
2003121,8,2,5
2003122,0,9,6
2003123,8,6,1
2003124,6,7,4
2003125,6,6,7
2003126,3,9,3
2003127,9,9,4
2003128,4,1,3
2003129,7,3,5
2003130,2,0,2
2003131,7,5,3
2003132,8,2,8
2003133,9,0,9
2003134,3,2,4
2003135,7,7,9
2003136,9,7,6
2003137,7,6,8
2003138,5,3,7
2003139,6,6,1
2003140,9,1,5
2003141,7,8,0
2003142,5,1,4
2003143,8,2,6
2003144,4,4,5
2003145,4,6,5
2003146,4,6,4
2003147,8,7,0
2003148,4,9,1
2003149,1,8,2
2003150,7,6,0
2003151,1,2,5
2003152,2,9,7
2003153,4,6,8
2003154,7,5,6
2003155,8,8,2
2003156,7,5,7
2003157,2,1,7
2003158,7,3,5
2003159,5,5,1
2003160,3,1,9
2003161,0,0,1
2003162,7,9,4
2003163,7,3,8
2003164,1,0,4
2003165,8,3,6
2003166,2,8,9
2003167,3,2,3
2003168,1,2,7
2003169,9,7,4
2003170,6,4,8
2003171,6,2,8
2003172,0,1,5
2003173,1,4,6
2003174,4,3,5
2003175,5,2,6
2003176,9,5,1
2003177,2,1,4
2003178,5,6,4
2003179,8,5,6
2003180,0,7,7
2003181,4,1,9
2003182,9,3,8
2003183,2,0,1
2003184,1,5,6
2003185,3,5,8
2003186,7,8,5
2003187,2,9,1
2003188,3,5,5
2003189,7,1,6
2003190,6,1,9
2003191,8,0,2
2003192,7,2,0
2003193,8,6,9
2003194,2,4,3
2003195,5,9,5
2003196,5,9,1
2003197,7,0,9
2003198,3,4,0
2003199,2,6,6
2003200,3,3,5
2003201,7,9,4
2003202,8,1,0
2003203,3,0,6
2003204,9,8,2
2003205,4,7,9
2003206,3,9,0
2003207,6,6,1
2003208,6,4,4
2003209,4,7,9
2003210,5,8,0
2003211,6,4,5
2003212,8,5,7
2003213,0,4,1
2003214,5,9,7
2003215,6,6,4
2003216,9,7,5
2003217,1,9,5
2003218,3,4,6
2003219,1,5,9
2003220,4,2,5
2003221,1,5,5
2003222,3,8,6
2003223,5,9,5
2003224,5,3,7
2003225,0,5,8
2003226,9,2,8
2003227,3,5,9
2003228,2,0,5
2003229,3,6,0
2003230,6,7,0
2003231,1,0,3
2003232,1,1,4
2003233,3,8,1
2003234,1,4,0
2003235,5,9,8
2003236,8,8,4
2003237,3,9,1
2003238,9,3,1
2003239,3,9,6
2003240,2,0,0
2003241,8,7,8
2003242,5,4,6
2003243,6,3,3
2003244,0,4,8
2003245,4,1,5
2003246,4,1,4
2003247,5,7,5
2003248,5,9,3
2003249,9,7,5
2003250,7,4,0
2003251,0,0,2
2003252,4,1,7
2003253,5,5,5
2003254,5,1,5
2003255,1,3,1
2003256,3,0,4
2003257,2,6,9
2003258,5,0,6
2003259,1,5,0
2003260,5,3,4
2003261,6,5,7
2003262,8,7,1
2003263,9,4,3
2003264,6,1,3
2003265,1,7,5
2003266,2,2,5
2003267,1,9,5
2003268,3,6,4
2003269,8,9,7
2003270,2,9,8
2003271,4,0,1
2003272,0,5,9
2003273,4,3,2
2003274,6,1,1
2003275,7,0,0
2003276,3,9,9
2003277,6,5,0
2003278,3,6,6
2003279,6,1,1
2003280,2,2,4
2003281,1,3,1
2003282,5,8,9
2003283,4,8,2
2003284,3,0,5
2003285,5,7,7
2003286,5,2,6
2003287,2,8,3
2003288,6,9,0
2003289,6,6,8
2003290,6,7,3
2003291,7,3,5
2003292,8,7,4
2003293,2,1,8
2003294,2,4,4
2003295,2,4,5
2003296,7,2,8
2003297,0,9,0
2003298,0,6,2
2003299,8,8,1
2003300,8,6,8
2003301,3,2,3
2003302,1,6,2
2003303,8,3,7
2003304,4,2,8
2003305,3,1,1
2003306,0,3,8
2003307,1,3,2
2003308,1,4,4
2003309,0,0,0
2003310,0,9,0
2003311,6,1,5
2003312,3,9,2
2003313,9,3,2
2003314,8,8,4
2003315,7,4,3
2003316,9,8,1
2003317,2,0,1
2003318,0,2,3
2003319,3,5,4
2003320,9,9,8
2003321,2,8,8
2003322,5,4,5
2003323,7,7,8
2003324,0,6,0
2003325,1,0,8
2003326,8,2,1
2003327,9,9,2
2003328,0,5,3
2003329,4,5,3
2003330,5,4,8
2003331,6,7,9
2003332,8,9,5
2003333,1,9,6
2003334,5,6,3
2003335,4,4,3
2003336,5,1,5
2003337,7,4,4
2003338,0,2,1
2003339,3,5,8
2003340,2,7,6
2003341,0,9,4
2003342,1,9,7
2003343,5,4,6
2003344,4,0,4
2003345,1,0,0
2003346,1,5,4
2003347,6,4,5
2003348,0,3,5
2003349,9,0,3
2003350,3,0,1
2003351,0,5,0
2003352,3,8,9
2003353,2,9,5
2003354,6,8,9
2003355,3,2,7
2003356,1,8,5
2003357,6,7,1
2003358,6,4,3
2003359,4,0,1
2004001,1,0,1
2004002,0,2,1
2004003,6,7,0
2004004,2,7,9
2004005,3,9,2
2004006,8,3,7
2004007,1,3,2
2004008,5,5,2
2004009,0,8,7
2004010,7,7,6
2004011,2,1,2
2004012,5,8,1
2004013,7,3,8
2004014,0,2,1
2004015,1,3,5
2004016,5,7,9
2004017,6,4,0
2004018,7,3,4
2004019,7,6,1
2004020,8,0,2
2004021,0,8,4
2004022,6,6,5
2004023,6,4,2
2004024,5,8,4
2004025,9,8,5
2004026,4,2,6
2004027,5,4,1
2004028,4,3,5
2004029,9,7,4
2004030,3,5,0
2004031,6,8,9
2004032,9,9,1
2004033,0,2,8
2004034,2,1,9
2004035,0,6,7
2004036,4,3,5
2004037,7,9,2
2004038,4,3,7
2004039,0,7,2
2004040,1,5,3
2004041,8,3,1
2004042,9,6,6
2004043,7,4,0
2004044,3,2,5
2004045,1,7,3
2004046,1,5,7
2004047,2,1,3
2004048,6,4,6
2004049,9,9,9
2004050,8,5,6
2004051,3,0,2
2004052,1,1,0
2004053,8,3,4
2004054,8,4,8
2004055,1,6,2
2004056,7,4,4
2004057,2,0,9
2004058,4,3,4
2004059,8,3,9
2004060,5,3,2
2004061,4,5,9
2004062,0,4,1
2004063,7,2,3
2004064,8,2,9
2004065,6,0,8
2004066,3,6,6
2004067,4,1,4
2004068,0,1,2
2004069,4,9,2
2004070,6,0,5
2004071,5,7,0
2004072,3,2,3
2004073,6,0,8
2004074,3,2,7
2004075,6,8,2
2004076,9,0,5
2004077,9,3,6
2004078,8,6,0
2004079,8,7,9
2004080,0,9,3
2004081,9,8,4
2004082,1,6,5
2004083,0,4,4
2004084,1,7,0
2004085,2,6,9
2004086,7,3,7
2004087,1,6,3
2004088,2,1,7
2004089,1,9,1
2004090,2,6,3
2004091,0,1,8
2004092,0,3,3
2004093,7,3,3
2004094,2,1,7
2004095,8,1,9
2004096,9,6,4
2004097,3,7,5
2004098,5,5,4
2004099,9,2,0
2004100,6,9,9
2004101,4,9,9
2004102,1,2,5
2004103,2,2,3
2004104,0,6,9
2004105,3,1,0
2004106,6,1,9
2004107,2,5,1
2004108,0,3,3
2004109,5,5,0
2004110,6,2,8
2004111,6,3,1
2004112,1,0,5
2004113,1,3,1
2004114,5,9,9
2004115,6,9,8
2004116,3,3,8
2004117,0,4,8
2004118,8,2,9
2004119,1,7,3
2004120,9,8,2
2004121,3,9,3
2004122,3,1,3
2004123,9,5,0
2004124,5,7,9
2004125,4,9,4
2004126,0,6,2
2004127,7,5,3
2004128,1,0,5
2004129,2,7,5
2004130,1,8,5
2004131,9,7,1
2004132,6,6,5
2004133,3,0,2
2004134,5,4,3
2004135,9,9,2
2004136,3,2,7
2004137,5,7,3
2004138,7,2,3
2004139,5,6,2
2004140,1,1,6
2004141,3,6,0
2004142,6,2,6
2004143,9,1,9
2004144,4,8,4
2004145,4,4,5
2004146,8,4,6
2004147,1,6,1
2004148,9,1,6
2004149,7,4,3
2004150,7,6,8
2004151,2,8,9
2004152,8,3,3
2004153,8,5,0
2004154,3,1,3
2004155,7,7,2
2004156,2,8,6
2004157,6,6,1
2004158,5,2,9
2004159,0,6,4
2004160,1,8,5
2004161,8,3,4
2004162,7,9,9
2004163,5,0,9
2004164,2,4,8
2004165,9,3,8
2004166,6,4,4
2004167,2,1,5
2004168,8,9,5
2004169,2,6,2
2004170,7,8,7
2004171,9,8,6
2004172,5,4,9
2004173,2,8,2
2004174,6,6,6
2004175,8,1,6
2004176,4,8,8
2004177,8,4,5
2004178,5,2,9
2004179,6,9,1
2004180,7,4,3
2004181,8,7,6
2004182,1,9,0
2004183,8,3,1
2004184,6,5,4
2004185,1,3,4
2004186,5,4,9
2004187,0,3,9
2004188,6,2,6
2004189,9,5,9
2004190,2,7,6
2004191,0,0,4
2004192,8,3,4
2004193,6,6,8
2004194,9,8,8
2004195,4,5,2
2004196,7,1,3
2004197,6,3,3
2004198,5,8,9
2004199,3,1,4
2004200,1,6,9
2004201,8,8,4
2004202,7,3,6
2004203,7,0,7
2004204,0,1,4
2004205,6,6,2
2004206,5,6,7
2004207,1,5,9
2004208,5,9,9
2004209,1,4,9
2004210,7,0,9
2004211,6,2,8
2004212,9,0,2
2004213,4,5,5
2004214,9,7,8
2004215,9,0,5
2004216,4,5,9
2004217,9,1,4
2004218,9,2,4
2004219,4,0,0
2004220,8,0,5
2004221,0,2,6
2004222,7,6,7
2004223,0,5,2
2004224,7,9,5
2004225,6,5,1
2004226,5,3,1
2004227,9,6,3
2004228,1,7,1
2004229,1,6,0
2004230,9,9,9
2004231,4,6,7
2004232,8,4,7
2004233,0,9,3
2004234,6,8,6
2004235,2,4,2
2004236,7,5,1
2004237,7,7,1
2004238,4,9,5
2004239,5,1,5
2004240,7,5,5
2004241,0,7,5
2004242,2,5,0
2004243,2,8,0
2004244,3,7,5
2004245,5,6,7
2004246,6,4,2
2004247,1,1,5
2004248,3,8,3
2004249,3,4,6
2004250,4,1,6
2004251,0,7,0
2004252,9,7,4
2004253,0,5,9
2004254,9,1,8
2004255,0,2,5
2004256,4,6,4
2004257,1,4,1
2004258,8,9,4
2004259,1,0,2
2004260,2,7,7
2004261,5,3,7
2004262,6,2,0
2004263,9,6,7
2004264,9,6,4
2004265,8,6,1
2004266,5,9,4
2004267,3,3,8
2004268,0,5,1
2004269,5,9,3
2004270,1,4,1
2004271,2,7,3
2004272,3,9,9
2004273,7,8,8
2004274,8,0,5
2004275,0,7,9
2004276,0,8,5
2004277,9,5,7
2004278,8,8,0
2004279,4,6,0
2004280,2,8,3
2004281,0,0,6
2004282,7,8,9
2004283,8,5,1
2004284,6,9,0
2004285,0,7,0
2004286,5,5,7
2004287,9,8,6
2004288,7,9,1
2004289,9,4,1
2004290,6,1,1
2004291,1,4,4
2004292,4,7,1
2004293,5,0,5
2004294,8,2,8
2004295,6,0,7
2004296,8,7,8
2004297,4,7,7
2004298,4,7,6
2004299,4,3,9
2004300,6,7,9
2004301,6,8,8
2004302,1,7,7
2004303,2,6,4
2004304,5,9,7
2004305,2,7,0
2004306,0,8,6
2004307,9,3,6
2004308,2,8,7
2004309,1,5,2
2004310,2,4,7
2004311,7,9,8
2004312,8,0,1
2004313,4,8,5
2004314,2,0,5
2004315,8,0,0
2004316,1,5,1
2004317,9,9,2
2004318,2,5,3
2004319,9,1,1
2004320,4,2,4
2004321,8,2,8
2004322,6,3,1
2004323,3,3,9
2004324,8,3,6
2004325,9,3,5
2004326,3,0,3
2004327,2,2,7
2004328,0,9,2
2004329,9,2,7
2004330,8,2,1
2004331,7,3,1
2004332,2,8,4
2004333,7,9,8
2004334,9,3,3
2004335,0,6,6
2004336,1,6,7
2004337,4,8,7
2004338,0,0,8
2004339,3,7,8
2004340,4,0,9
2004341,7,7,4
2004342,7,2,2
2004343,2,2,9
2004344,3,6,9
2004345,6,5,1
2004346,6,4,9
2004347,3,5,7
2004348,2,6,3
2004349,4,7,2
2004350,7,8,7
2004351,4,1,9
2004352,1,8,7
2004353,5,1,9
2004354,6,1,9
2004355,1,0,7
2004356,3,9,7
2004357,2,2,9
2004358,6,0,5
2004359,3,2,1
2005001,0,1,9
2005002,0,4,3
2005003,9,2,8
2005004,0,5,2
2005005,5,6,8
2005006,8,6,4
2005007,3,1,9
2005008,0,0,3
2005009,7,0,7
2005010,6,5,8
2005011,7,4,0
2005012,8,5,4
2005013,8,5,0
2005014,0,5,3
2005015,4,3,8
2005016,1,0,7
2005017,8,0,2
2005018,7,1,5
2005019,8,0,3
2005020,7,6,6
2005021,0,7,5
2005022,3,1,3
2005023,4,0,5
2005024,2,7,1
2005025,9,8,5
2005026,3,3,9
2005027,9,2,5
2005028,3,8,9
2005029,7,1,7
2005030,8,2,7
2005031,6,9,9
2005032,8,5,3
2005033,8,8,1
2005034,1,5,1
2005035,5,9,9
2005036,2,7,5
2005037,0,7,4
2005038,6,3,1
2005039,0,8,6
2005040,7,2,3
2005041,7,0,0
2005042,4,6,6
2005043,9,4,2
2005044,9,3,4
2005045,0,2,8
2005046,4,8,8
2005047,7,1,0
2005048,0,0,5
2005049,7,8,4
2005050,2,7,2
2005051,8,3,0
2005052,4,9,3
2005053,1,4,2
2005054,3,0,7
2005055,0,5,8
2005056,2,5,7
2005057,0,8,1
2005058,1,9,5
2005059,5,4,2
2005060,7,1,7
2005061,2,4,5
2005062,3,1,1
2005063,9,5,9
2005064,6,0,0
2005065,4,6,7
2005066,7,8,7
2005067,8,7,5
2005068,9,5,8
2005069,1,6,9
2005070,8,5,4
2005071,5,5,5
2005072,5,9,5
2005073,4,5,8
2005074,0,5,8
2005075,1,4,4
2005076,0,5,3
2005077,9,4,4
2005078,9,6,9
2005079,2,9,5
2005080,5,5,3
2005081,8,0,8
2005082,2,1,2
2005083,6,6,6
2005084,8,8,0
2005085,4,1,6
2005086,2,2,8
2005087,1,5,7
2005088,5,7,1
2005089,8,8,5
2005090,2,1,7
2005091,1,1,5
2005092,8,1,6
2005093,6,6,0
2005094,1,7,1
2005095,0,2,2
2005096,6,0,6
2005097,6,6,5
2005098,0,6,3
2005099,4,2,2
2005100,5,4,9
2005101,3,0,7
2005102,6,7,1
2005103,0,4,5
2005104,8,6,9
2005105,2,4,0
2005106,6,6,9
2005107,6,0,9
2005108,2,0,3
2005109,6,3,0
2005110,8,5,1
2005111,0,7,9
2005112,5,2,9
2005113,3,8,0
2005114,3,6,7
2005115,8,8,0
2005116,8,3,0
2005117,1,3,0
2005118,9,1,6
2005119,1,0,2
2005120,5,0,2
2005121,0,5,3
2005122,2,7,5
2005123,0,3,4
2005124,3,3,3
2005125,0,0,5
2005126,5,9,4
2005127,4,8,2
2005128,5,9,6
2005129,5,7,3
2005130,1,3,1
2005131,7,9,6
2005132,1,8,0
2005133,9,6,4
2005134,8,9,9
2005135,9,3,6
2005136,4,8,9
2005137,0,5,2
2005138,1,6,7
2005139,6,6,7
2005140,5,7,2
2005141,6,6,3
2005142,3,0,6
2005143,1,0,5
2005144,4,9,4
2005145,9,4,3
2005146,4,7,7
2005147,9,6,5
2005148,1,6,8
2005149,7,7,4
2005150,9,5,0
2005151,3,1,2
2005152,9,4,9
2005153,3,6,9
2005154,3,1,9
2005155,7,4,9
2005156,4,3,0
2005157,5,9,0
2005158,0,6,0
2005159,9,9,6
2005160,7,9,1
2005161,4,8,8
2005162,5,1,6
2005163,5,8,6
2005164,3,6,1
2005165,2,4,9
2005166,7,7,5
2005167,3,0,0
2005168,6,6,4
2005169,2,3,8
2005170,2,1,4
2005171,5,5,8
2005172,3,7,0
2005173,7,9,1
2005174,6,0,9
2005175,8,1,3
2005176,5,1,7
2005177,2,5,1
2005178,0,7,5
2005179,1,2,3
2005180,2,6,8
2005181,0,7,3
2005182,4,3,3
2005183,1,5,3
2005184,9,1,8
2005185,8,1,0
2005186,7,5,6
2005187,3,3,2
2005188,8,1,8
2005189,9,2,7
2005190,3,2,2
2005191,7,9,8
2005192,3,5,3
2005193,7,1,0
2005194,8,4,2
2005195,8,3,0
2005196,6,5,4
2005197,7,3,4
2005198,3,2,8
2005199,2,1,4
2005200,6,6,7
2005201,3,8,0
2005202,6,1,2
2005203,8,7,7
2005204,0,7,3
2005205,1,6,4
2005206,8,5,9
2005207,1,2,9
2005208,5,9,8
2005209,1,6,6
2005210,0,7,4
2005211,4,0,4
2005212,9,9,4
2005213,4,2,4
2005214,9,6,1
2005215,0,0,2
2005216,9,5,1
2005217,9,6,4
2005218,8,9,2
2005219,0,1,3
2005220,1,5,8
2005221,9,8,9
2005222,7,8,8
2005223,8,0,7
2005224,7,9,4
2005225,2,6,0
2005226,6,0,3
2005227,4,5,5
2005228,2,0,9
2005229,1,3,9
2005230,4,8,3
2005231,6,3,0
2005232,1,7,5
2005233,9,3,3
2005234,8,9,0
2005235,1,3,4
2005236,4,9,5
2005237,7,6,7
2005238,0,1,8
2005239,9,0,1
2005240,8,7,1
2005241,1,2,6
2005242,5,9,2
2005243,1,0,3
2005244,3,3,1
2005245,9,7,7
2005246,5,1,9
2005247,5,7,4
2005248,9,0,0
2005249,6,9,2
2005250,4,3,4
2005251,5,0,6
2005252,5,5,7
2005253,1,6,3
2005254,4,2,5
2005255,0,4,1
2005256,7,5,1
2005257,2,8,5
2005258,8,9,4
2005259,3,4,8
2005260,1,5,8
2005261,5,4,2
2005262,2,0,3
2005263,6,1,7
2005264,3,9,3
2005265,3,3,6
2005266,9,5,2
2005267,3,1,6
2005268,9,2,7
2005269,9,4,0
2005270,3,9,6
2005271,5,2,8
2005272,2,9,0
2005273,2,0,9
2005274,2,6,2
2005275,9,2,5
2005276,7,8,3
2005277,0,5,9
2005278,1,4,9
2005279,7,1,4
2005280,0,4,1
2005281,7,6,2
2005282,2,7,1
2005283,2,1,4
2005284,2,2,0
2005285,4,7,8
2005286,5,1,6
2005287,3,3,5
2005288,1,8,5
2005289,0,2,8
2005290,8,2,3
2005291,2,2,7
2005292,4,2,8
2005293,4,5,5
2005294,8,3,3
2005295,9,1,4
2005296,5,3,1
2005297,7,5,3
2005298,7,1,3
2005299,1,3,8
2005300,8,9,5
2005301,6,5,0
2005302,4,5,6
2005303,5,4,0
2005304,3,3,2
2005305,8,0,6
2005306,5,5,0
2005307,5,9,8
2005308,8,6,8
2005309,6,9,9
2005310,2,8,8
2005311,8,0,9
2005312,3,1,3
2005313,7,8,9
2005314,7,0,5
2005315,1,9,8
2005316,2,7,2
2005317,8,5,1
2005318,7,9,3
2005319,3,6,9
2005320,9,2,2
2005321,0,2,4
2005322,5,8,3
2005323,1,6,2
2005324,1,3,9
2005325,2,1,2
2005326,8,7,4
2005327,0,9,7
2005328,0,0,9
2005329,9,0,0
2005330,9,0,5
2005331,1,7,6
2005332,2,0,8
2005333,5,4,0
2005334,8,2,7
2005335,2,1,8
2005336,2,4,8
2005337,5,3,9
2005338,4,9,3
2005339,4,3,7
2005340,9,9,8
2005341,4,6,7
2005342,8,6,4
2005343,8,9,5
2005344,3,8,1
2005345,9,2,4
2005346,1,3,9
2005347,2,7,2
2005348,0,3,8
2005349,0,1,4
2005350,9,6,9
2005351,1,7,3
2005352,5,4,0
2005353,5,3,6
2005354,7,2,6
2005355,4,6,8
2005356,6,8,1
2005357,4,2,9
2005358,8,4,2
2006001,1,6,0
2006002,1,1,0
2006003,2,2,9
2006004,6,1,4
2006005,8,7,7
2006006,7,1,3
2006007,7,4,6
2006008,1,7,9
2006009,3,4,9
2006010,6,2,4
2006011,6,3,4
2006012,0,9,8
2006013,8,4,8
2006014,4,0,0
2006015,8,0,0
2006016,4,8,1
2006017,8,7,8
2006018,8,8,4
2006019,4,9,7
2006020,6,6,1
2006021,0,5,1
2006022,9,0,0
2006023,5,1,5
2006024,6,8,6
2006025,1,4,1
2006026,4,9,7
2006027,4,6,0
2006028,0,2,8
2006029,4,0,3
2006030,9,6,4
2006031,4,0,9
2006032,9,3,0
2006033,6,6,7
2006034,3,1,4
2006035,8,4,8
2006036,8,9,1
2006037,6,9,7
2006038,7,1,5
2006039,4,4,6
2006040,4,6,3
2006041,5,9,4
2006042,7,1,0
2006043,1,1,6
2006044,0,6,9
2006045,8,4,6
2006046,0,2,1
2006047,4,6,9
2006048,1,3,8
2006049,5,6,6
2006050,1,5,3
2006051,2,2,5
2006052,7,7,1
2006053,3,0,6
2006054,8,3,5
2006055,5,7,6
2006056,7,7,7
2006057,6,6,6
2006058,1,2,8
2006059,0,5,2
2006060,9,8,5
2006061,3,0,9
2006062,7,0,8
2006063,8,1,7
2006064,9,3,6
2006065,5,4,2
2006066,2,7,7
2006067,3,0,5
2006068,4,9,0
2006069,3,9,6
2006070,9,2,9
2006071,1,3,0
2006072,4,1,9
2006073,7,3,1
2006074,3,0,6
2006075,2,7,4
2006076,4,0,1
2006077,7,1,5
2006078,3,2,1
2006079,4,0,3
2006080,8,0,2
2006081,9,7,6
2006082,9,6,7
2006083,7,6,1
2006084,7,3,7
2006085,2,9,4
2006086,7,5,6
2006087,1,6,0
2006088,9,6,0
2006089,9,1,0
2006090,4,6,7
2006091,1,0,1
2006092,1,7,5
2006093,6,0,5
2006094,3,0,4
2006095,2,3,7
2006096,1,4,9
2006097,8,2,3
2006098,2,0,3
2006099,5,9,6
2006100,6,6,1
2006101,7,0,8
2006102,0,4,0
2006103,4,5,5
2006104,9,2,3
2006105,8,8,3
2006106,4,7,8
2006107,0,8,6
2006108,0,0,8
2006109,8,6,0
2006110,7,2,4
2006111,5,9,4
2006112,4,4,0
2006113,0,8,6
2006114,9,1,3
2006115,4,4,2
2006116,0,5,2
2006117,3,3,2
2006118,3,5,5
2006119,4,5,4
2006120,1,6,6
2006121,2,1,7
2006122,9,4,0
2006123,0,8,4
2006124,8,1,2
2006125,7,1,1
2006126,1,3,3
2006127,9,3,1
2006128,8,5,8
2006129,8,8,0
2006130,0,3,6
2006131,9,9,9
2006132,7,1,4
2006133,0,1,5
2006134,2,9,2
2006135,1,7,1
2006136,1,4,1
2006137,3,5,1
2006138,1,2,8
2006139,4,6,2
2006140,3,6,3
2006141,6,8,8
2006142,4,3,5
2006143,5,8,2
2006144,6,2,6
2006145,3,8,4
2006146,3,6,4
2006147,1,9,5
2006148,6,5,4
2006149,2,8,6
2006150,8,4,8
2006151,2,0,9
2006152,3,7,7
2006153,0,1,4
2006154,9,6,0
2006155,0,3,1
2006156,1,3,4
2006157,8,9,2
2006158,2,7,5
2006159,0,7,2
2006160,8,0,3
2006161,0,7,5
2006162,3,4,8
2006163,3,6,8
2006164,1,3,2
2006165,1,2,7
2006166,4,2,6
2006167,0,9,5
2006168,5,1,9
2006169,6,9,0
2006170,4,0,7
2006171,1,1,4
2006172,0,5,0
2006173,9,0,0
2006174,3,5,7
2006175,0,8,3
2006176,3,6,1
2006177,8,6,7
2006178,5,7,7
2006179,6,9,2
2006180,2,0,7
2006181,7,0,8
2006182,9,4,9
2006183,5,5,3
2006184,6,0,8
2006185,5,9,6
2006186,2,1,5
2006187,4,1,0
2006188,3,6,3
2006189,4,0,4
2006190,4,5,3
2006191,5,8,9
2006192,2,1,1
2006193,7,5,1
2006194,5,1,0
2006195,9,9,5
2006196,3,2,8
2006197,8,7,0
2006198,0,0,1
2006199,2,4,1
2006200,6,7,3
2006201,9,8,2
2006202,8,4,2
2006203,5,3,9
2006204,8,2,0
2006205,6,0,1
2006206,5,5,7
2006207,3,7,7
2006208,1,3,8
2006209,4,5,0
2006210,0,8,5
2006211,3,3,0
2006212,6,8,3
2006213,1,2,6
2006214,6,6,6
2006215,6,6,3
2006216,3,3,4
2006217,7,9,5
2006218,4,4,0
2006219,7,9,0
2006220,2,5,3
2006221,4,7,9
2006222,7,1,8
2006223,7,4,8
2006224,0,3,9
2006225,3,4,0
2006226,6,8,5
2006227,8,5,0
2006228,5,5,9
2006229,7,7,2
2006230,2,7,9
2006231,6,4,5
2006232,7,2,7
2006233,9,9,4
2006234,6,6,6
2006235,3,1,5
2006236,2,5,1
2006237,6,8,3
2006238,1,6,5
2006239,8,7,4
2006240,0,7,2
2006241,3,2,1
2006242,4,3,3
2006243,4,3,5
2006244,0,7,6
2006245,5,6,8
2006246,4,1,0
2006247,5,2,3
2006248,9,9,8
2006249,4,4,8
2006250,4,1,1
2006251,4,7,4
2006252,0,6,8
2006253,3,1,0
2006254,0,2,3
2006255,5,0,1
2006256,2,6,6
2006257,1,8,4
2006258,1,5,8
2006259,1,1,0
2006260,2,4,1
2006261,4,7,3
2006262,4,5,7
2006263,5,4,1
2006264,5,2,0
2006265,1,4,3
2006266,9,7,3
2006267,6,9,1
2006268,4,4,0
2006269,5,3,7
2006270,0,8,3
2006271,4,9,2
2006272,8,5,7
2006273,8,4,9
2006274,4,2,6
2006275,5,7,6
2006276,9,3,5
2006277,9,9,2
2006278,7,9,3
2006279,1,4,6
2006280,0,5,0
2006281,9,8,1
2006282,0,4,3
2006283,1,3,1
2006284,1,6,0
2006285,3,4,2
2006286,9,2,1
2006287,7,9,1
2006288,3,1,6
2006289,2,4,4
2006290,9,1,8
2006291,6,7,1
2006292,5,6,6
2006293,4,5,2
2006294,1,5,2
2006295,2,1,9
2006296,5,1,9
2006297,3,0,8
2006298,3,6,3
2006299,7,3,6
2006300,8,4,6
2006301,8,6,5
2006302,2,3,7
2006303,6,7,7
2006304,5,1,7
2006305,0,4,1
2006306,4,1,7
2006307,6,4,0
2006308,1,7,5
2006309,8,0,7
2006310,9,5,8
2006311,2,4,2
2006312,6,8,9
2006313,3,0,0
2006314,7,8,3
2006315,0,6,4
2006316,8,5,1
2006317,3,0,0
2006318,5,0,3
2006319,1,6,4
2006320,9,0,4
2006321,6,4,1
2006322,9,5,9
2006323,0,1,9
2006324,1,4,7
2006325,0,3,9
2006326,1,8,9
2006327,6,8,3
2006328,9,6,0
2006329,8,6,3
2006330,4,5,5
2006331,1,4,0
2006332,3,6,5
2006333,1,7,3
2006334,1,8,2
2006335,9,7,7
2006336,4,6,0
2006337,9,0,0
2006338,4,4,7
2006339,6,3,8
2006340,7,9,0
2006341,0,4,7
2006342,6,9,5
2006343,5,3,9
2006344,9,4,8
2006345,6,7,6
2006346,7,6,0
2006347,5,6,9
2006348,6,4,4
2006349,4,1,5
2006350,8,0,2
2006351,5,0,9
2006352,9,3,9
2006353,5,0,3
2006354,2,8,3
2006355,8,2,7
2006356,6,2,3
2006357,0,1,5
2007001,0,1,9
2007002,4,8,4
2007003,7,3,3
2007004,3,1,3
2007005,7,3,6
2007006,2,5,5
2007007,4,5,9
2007008,5,5,8
2007009,5,0,4
2007010,7,3,5
2007011,1,9,3
2007012,0,3,5
2007013,5,5,0
2007014,8,1,4
2007015,9,1,6
2007016,4,4,1
2007017,9,5,6
2007018,5,2,9
2007019,6,5,2
2007020,4,8,1
2007021,5,7,7
2007022,3,0,5
2007023,5,8,1
2007024,2,9,6
2007025,3,9,2
2007026,3,4,4
2007027,7,9,0
2007028,7,4,8
2007029,5,7,5
2007030,7,4,7
2007031,9,7,5
2007032,5,5,1
2007033,9,2,8
2007034,4,1,4
2007035,4,0,9
2007036,4,8,5
2007037,5,7,0
2007038,1,9,5
2007039,7,1,2
2007040,2,1,2
2007041,3,5,9
2007042,3,9,3
2007043,3,2,1
2007044,5,2,2
2007045,4,0,0
2007046,2,0,8
2007047,3,0,4
2007048,4,1,8
2007049,3,6,3
2007050,9,5,1
2007051,8,9,2
2007052,8,9,9
2007053,0,7,8
2007054,2,0,4
2007055,6,5,6
2007056,4,0,3
2007057,6,6,8
2007058,2,9,5
2007059,0,2,9
2007060,9,8,7
2007061,1,4,4
2007062,7,7,5
2007063,3,2,6
2007064,6,1,7
2007065,5,0,0
2007066,8,8,9
2007067,0,1,6
2007068,6,9,1
2007069,6,8,3
2007070,1,6,3
2007071,3,9,4
2007072,9,1,4
2007073,9,7,7
2007074,7,4,5
2007075,0,7,1
2007076,3,9,9
2007077,6,2,3
2007078,6,6,6
2007079,7,1,0
2007080,3,7,9
2007081,8,2,7
2007082,9,4,2
2007083,1,8,0
2007084,8,1,1
2007085,6,8,7
2007086,5,7,4
2007087,9,0,5
2007088,2,5,8
2007089,5,8,9
2007090,0,7,1
2007091,7,7,9
2007092,9,5,8
2007093,3,6,8
2007094,4,1,5
2007095,0,7,4
2007096,8,4,5
2007097,7,5,5
2007098,0,0,6
2007099,3,0,4
2007100,4,8,8
2007101,4,1,8
2007102,2,4,5
2007103,6,7,1
2007104,1,3,0
2007105,1,7,7
2007106,6,4,2
2007107,5,2,9
2007108,6,5,3
2007109,6,0,2
2007110,6,3,0
2007111,2,9,6
2007112,5,7,9
2007113,3,2,4
2007114,8,1,0
2007115,7,1,7
2007116,1,4,4
2007117,2,0,9
2007118,4,0,0
2007119,2,2,5
2007120,7,3,5
2007121,8,3,1
2007122,9,0,4
2007123,7,9,0
2007124,5,1,8
2007125,0,4,5
2007126,4,2,5
2007127,0,6,6
2007128,7,4,6
2007129,9,5,2
2007130,4,6,8
2007131,3,4,2
2007132,7,2,4
2007133,2,1,8
2007134,1,5,2
2007135,7,6,2
2007136,2,5,7
2007137,4,0,0
2007138,1,9,0
2007139,2,9,1
2007140,6,5,5
2007141,7,3,1
2007142,4,7,0
2007143,7,5,9
2007144,3,9,1
2007145,1,1,9
2007146,9,5,1
2007147,3,3,6
2007148,8,0,6
2007149,0,0,9
2007150,5,0,5
2007151,8,8,5
2007152,9,4,8
2007153,3,2,1
2007154,7,7,5
2007155,4,8,1
2007156,8,5,9
2007157,6,0,2
2007158,6,3,6
2007159,0,1,2
2007160,2,2,5
2007161,4,4,3
2007162,4,0,7
2007163,0,9,4
2007164,1,7,9
2007165,0,7,3
2007166,5,8,1
2007167,0,8,5
2007168,5,3,9
2007169,4,0,4
2007170,6,6,9
2007171,7,7,2
2007172,5,0,3
2007173,7,3,4
2007174,2,1,2
2007175,9,4,2
2007176,8,1,1
2007177,8,4,8
2007178,9,8,9
2007179,2,6,9
2007180,7,0,1
2007181,4,1,7
2007182,5,1,8
2007183,4,8,0
2007184,9,9,8
2007185,6,6,2
2007186,2,0,8
2007187,4,5,1
2007188,7,7,4
2007189,5,0,5
2007190,4,8,8
2007191,6,0,3
2007192,0,1,4
2007193,8,1,8
2007194,1,5,4
2007195,5,3,7
2007196,0,3,0
2007197,0,2,4
2007198,9,4,2
2007199,2,8,9
2007200,8,1,8
2007201,2,8,4
2007202,2,7,4
2007203,3,8,4
2007204,0,3,3
2007205,1,5,3
2007206,5,1,1
2007207,8,2,8
2007208,7,4,6
2007209,6,0,7
2007210,4,7,6
2007211,7,5,5
2007212,3,1,9
2007213,1,3,8
2007214,5,1,3
2007215,6,4,4
2007216,4,9,2
2007217,0,3,7
2007218,5,9,0
2007219,8,6,2
2007220,2,6,3
2007221,6,1,1
2007222,8,0,1
2007223,6,8,7
2007224,8,3,0
2007225,5,9,2
2007226,5,8,5
2007227,4,2,0
2007228,1,4,1
2007229,5,8,4
2007230,0,2,1
2007231,4,8,2
2007232,7,3,9
2007233,8,5,5
2007234,3,0,2
2007235,3,5,8
2007236,5,5,2
2007237,0,4,7
2007238,1,9,3
2007239,3,2,3
2007240,6,7,5
2007241,3,9,8
2007242,1,1,7
2007243,4,9,2
2007244,0,9,5
2007245,0,6,2
2007246,8,8,4
2007247,3,9,3
2007248,1,1,9
2007249,3,6,0
2007250,7,0,6
2007251,9,4,1
2007252,8,8,2
2007253,5,7,3
2007254,9,8,1
2007255,6,9,2
2007256,9,5,2
2007257,3,7,3
2007258,1,7,3
2007259,6,4,9
2007260,2,6,8
2007261,2,3,5
2007262,0,6,2
2007263,2,1,7
2007264,6,9,6
2007265,4,3,2
2007266,5,4,7
2007267,8,3,8
2007268,4,9,3
2007269,8,2,5
2007270,7,8,1
2007271,4,5,3
2007272,4,6,6
2007273,0,5,2
2007274,8,1,7
2007275,8,6,6
2007276,6,6,9
2007277,8,1,4
2007278,6,1,5
2007279,4,9,8
2007280,8,9,1
2007281,7,2,8
2007282,6,3,1
2007283,4,1,7
2007284,4,7,3
2007285,3,0,1
2007286,1,8,8
2007287,3,5,6
2007288,5,7,3
2007289,8,6,1
2007290,7,3,6
2007291,6,6,1
2007292,7,3,2
2007293,3,2,1
2007294,6,0,5
2007295,6,6,6
2007296,5,1,9
2007297,9,4,7
2007298,5,4,5
2007299,6,6,4
2007300,9,0,8
2007301,3,6,4
2007302,1,1,0
2007303,7,0,0
2007304,3,3,8
2007305,5,1,1
2007306,5,0,7
2007307,7,4,9
2007308,6,2,7
2007309,3,3,4
2007310,9,6,0
2007311,0,1,3
2007312,7,8,4
2007313,1,9,6
2007314,3,4,3
2007315,8,1,6
2007316,4,3,0
2007317,2,1,4
2007318,1,2,5
2007319,0,5,1
2007320,9,2,4
2007321,4,9,4
2007322,3,4,9
2007323,3,3,1
2007324,1,1,2
2007325,6,7,4
2007326,5,5,8
2007327,4,2,3
2007328,5,4,5
2007329,7,3,2
2007330,1,2,4
2007331,5,3,5
2007332,9,1,3
2007333,2,8,4
2007334,1,1,9
2007335,7,4,7
2007336,7,8,5
2007337,3,9,9
2007338,8,5,6
2007339,4,5,0
2007340,1,0,5
2007341,6,6,7
2007342,6,0,6
2007343,8,5,2
2007344,6,7,5
2007345,4,7,6
2007346,7,9,3
2007347,2,7,9
2007348,9,9,2
2007349,5,2,2
2007350,8,8,9
2007351,5,5,8
2007352,7,9,8
2007353,3,7,7
2007354,2,3,9
2007355,1,2,9
2007356,8,3,1
2007357,4,9,5
2008001,3,4,6
2008002,7,9,0
2008003,3,5,3
2008004,0,9,4
2008005,5,1,7
2008006,0,2,0
2008007,3,0,2
2008008,1,4,9
2008009,0,3,0
2008010,7,6,5
2008011,3,8,0
2008012,1,5,3
2008013,3,6,9
2008014,6,1,6
2008015,4,4,8
2008016,9,5,4
2008017,9,5,0
2008018,7,9,3
2008019,5,7,3
2008020,7,4,5
2008021,9,9,9
2008022,2,5,4
2008023,1,1,2
2008024,0,1,6
2008025,9,6,0
2008026,0,8,8
2008027,8,2,5
2008028,6,7,4
2008029,5,6,2
2008030,9,8,4
2008031,1,3,6
2008032,1,8,3
2008033,5,0,5
2008034,8,0,7
2008035,5,7,0
2008036,3,2,0
2008037,1,4,9
2008038,3,1,2
2008039,3,7,2
2008040,8,9,8
2008041,1,2,5
2008042,2,6,6
2008043,3,2,0
2008044,1,4,9
2008045,9,3,0
2008046,1,7,9
2008047,2,3,0
2008048,3,0,8
2008049,4,0,3
2008050,4,2,8
2008051,3,6,3
2008052,6,9,0
2008053,1,5,6
2008054,1,3,2
2008055,8,2,8
2008056,8,3,0
2008057,1,7,2
2008058,8,0,2
2008059,7,9,3
2008060,5,7,0
2008061,5,4,3
2008062,9,3,3
2008063,5,4,4
2008064,8,9,8
2008065,7,3,8
2008066,8,5,7
2008067,6,6,2
2008068,2,4,9
2008069,4,3,7
2008070,6,1,2
2008071,3,0,3
2008072,2,6,8
2008073,8,1,6
2008074,4,0,0
2008075,7,0,6
2008076,4,5,7
2008077,4,7,5
2008078,0,1,4
2008079,0,2,2
2008080,3,5,7
2008081,0,2,6
2008082,6,5,9
2008083,6,6,9
2008084,9,7,9
2008085,0,8,1
2008086,4,0,7
2008087,4,0,9
2008088,3,2,2
2008089,0,4,2
2008090,1,5,9
2008091,1,6,0
2008092,4,1,8
2008093,1,4,8
2008094,1,4,4
2008095,9,7,9
2008096,3,8,2
2008097,8,3,6
2008098,0,4,0
2008099,1,5,4
2008100,6,2,6
2008101,9,3,4
2008102,9,4,5
2008103,0,0,0
2008104,3,0,0
2008105,4,9,2
2008106,6,5,3
2008107,6,2,4
2008108,1,9,9
2008109,9,1,8
2008110,4,6,4
2008111,4,6,9
2008112,1,5,4
2008113,1,0,2
2008114,2,7,4
2008115,3,2,7
2008116,5,6,0
2008117,0,3,2
2008118,4,4,2
2008119,4,0,8
2008120,4,8,7
2008121,9,0,4
2008122,1,9,7
2008123,5,4,5
2008124,7,8,1
2008125,4,2,2
2008126,6,1,0
2008127,5,6,0
2008128,3,8,5
2008129,9,3,1
2008130,4,6,6
2008131,8,1,7
2008132,2,2,8
2008133,0,8,2
2008134,7,2,1
2008135,4,1,6
2008136,2,2,6
2008137,4,2,7
2008138,3,6,4
2008139,1,7,9
2008140,3,0,3
2008141,1,8,0
2008142,9,3,8
2008143,6,4,0
2008144,9,7,1
2008145,0,6,4
2008146,0,2,8
2008147,8,3,1
2008148,9,2,5
2008149,0,8,3
2008150,6,2,5
2008151,7,2,4
2008152,5,9,0
2008153,0,6,7
2008154,8,6,9
2008155,7,1,7
2008156,9,8,5
2008157,7,8,8
2008158,3,8,6
2008159,7,5,2
2008160,7,4,7
2008161,2,7,3
2008162,1,3,2
2008163,1,5,1
2008164,0,5,7
2008165,3,0,7
2008166,1,2,8
2008167,2,4,2
2008168,6,8,0
2008169,9,2,3
2008170,3,7,1
2008171,9,5,9
2008172,4,1,9
2008173,5,9,7
2008174,5,5,3
2008175,4,7,0
2008176,6,7,4
2008177,4,4,8
2008178,6,1,5
2008179,0,4,9
2008180,6,6,7
2008181,0,0,1
2008182,8,6,5
2008183,0,8,5
2008184,5,8,9
2008185,6,9,7
2008186,1,5,2
2008187,3,7,4
2008188,4,1,3
2008189,4,0,9
2008190,3,4,0
2008191,9,5,0
2008192,5,2,4
2008193,1,0,3
2008194,8,4,0
2008195,4,0,9
2008196,1,6,1
2008197,9,6,4
2008198,9,7,9
2008199,1,6,4
2008200,4,6,5
2008201,4,5,8
2008202,1,5,6
2008203,5,6,3
2008204,7,9,9
2008205,6,8,1
2008206,6,8,3
2008207,6,4,7
2008208,8,3,3
2008209,9,1,4
2008210,4,5,8
2008211,2,8,0
2008212,6,4,0
2008213,7,2,8
2008214,8,6,4
2008215,0,1,5
2008216,1,6,6
2008217,9,6,2
2008218,8,8,4
2008219,7,5,1
2008220,2,1,3
2008221,5,2,9
2008222,6,3,6
2008223,9,3,4
2008224,5,2,5
2008225,0,3,2
2008226,8,3,7
2008227,1,6,7
2008228,6,6,1
2008229,6,0,4
2008230,9,1,3
2008231,3,9,5
2008232,1,3,2
2008233,7,6,6
2008234,0,7,6
2008235,8,3,7
2008236,6,2,2
2008237,6,9,9
2008238,2,2,3
2008239,5,3,8
2008240,4,3,1
2008241,1,0,7
2008242,7,2,5
2008243,6,4,7
2008244,0,0,0
2008245,7,5,0
2008246,9,3,1
2008247,8,9,6
2008248,7,9,5
2008249,9,1,4
2008250,3,6,9
2008251,4,0,4
2008252,0,5,0
2008253,3,3,7
2008254,9,2,8
2008255,1,8,2
2008256,0,5,5
2008257,1,9,0
2008258,2,0,1
2008259,5,2,8
2008260,0,0,2
2008261,2,2,3
2008262,0,3,2
2008263,7,0,0
2008264,2,6,8
2008265,4,8,9
2008266,3,0,9
2008267,2,1,0
2008268,7,6,8
2008269,9,8,0
2008270,1,8,6
2008271,8,1,6
2008272,8,1,5
2008273,4,0,9
2008274,9,2,2
2008275,0,2,0
2008276,8,9,1
2008277,5,6,0
2008278,7,8,6
2008279,8,9,6
2008280,2,3,4
2008281,7,6,6
2008282,5,7,9
2008283,3,1,5
2008284,5,4,9
2008285,5,4,7
2008286,2,0,9
2008287,7,9,4
2008288,8,3,6
2008289,0,4,5
2008290,1,4,4
2008291,9,9,7
2008292,8,1,9
2008293,9,0,5
2008294,8,3,5
2008295,8,0,8
2008296,3,2,0
2008297,7,4,9
2008298,1,0,7
2008299,1,0,4
2008300,7,9,4
2008301,2,9,4
2008302,4,2,4
2008303,9,7,1
2008304,5,2,5
2008305,6,7,9
2008306,7,6,4
2008307,8,4,3
2008308,1,7,2
2008309,8,6,7
2008310,9,6,7
2008311,5,1,8
2008312,6,3,3
2008313,1,7,8
2008314,5,1,8
2008315,5,4,8
2008316,4,9,3
2008317,0,0,0
2008318,0,9,6
2008319,0,0,3
2008320,0,5,3
2008321,5,3,5
2008322,3,5,5
2008323,1,0,6
2008324,9,9,1
2008325,8,1,1
2008326,5,0,2
2008327,2,1,3
2008328,4,4,0
2008329,0,5,2
2008330,0,0,7
2008331,3,6,8
2008332,4,3,3
2008333,3,9,8
2008334,7,3,6
2008335,1,8,7
2008336,6,8,7
2008337,9,1,5
2008338,0,7,1
2008339,4,5,2
2008340,3,4,2
2008341,6,9,9
2008342,3,6,8
2008343,5,4,1
2008344,1,1,9
2008345,3,9,3
2008346,9,8,2
2008347,8,0,7
2008348,0,1,4
2008349,4,0,0
2008350,3,6,4
2008351,0,5,5
2008352,6,3,2
2008353,8,1,3
2008354,8,0,1
2008355,8,2,0
2008356,3,6,3
2008357,4,7,5
2008358,1,5,9
2008359,9,2,7
2009001,6,7,1
2009002,7,5,4
2009003,4,3,8
2009004,9,5,1
2009005,4,9,9
2009006,0,3,7
2009007,9,1,6
2009008,1,9,6
2009009,0,4,7
2009010,3,9,7
2009011,4,0,3
2009012,1,5,7
2009013,6,2,6
2009014,4,3,4
2009015,8,6,9
2009016,3,0,4
2009017,7,4,0
2009018,3,3,4
2009019,5,1,4
2009020,3,2,8
2009021,1,3,5
2009022,3,5,8
2009023,3,4,4
2009024,4,2,9
2009025,1,4,1
2009026,3,8,4
2009027,2,9,8
2009028,5,0,6
2009029,9,1,8
2009030,7,8,5
2009031,5,2,9
2009032,1,9,4
2009033,4,4,4
2009034,7,6,7
2009035,5,1,4
2009036,2,3,6
2009037,1,4,7
2009038,5,4,0
2009039,8,9,7
2009040,4,4,0
2009041,9,6,8
2009042,1,4,0
2009043,2,6,8
2009044,7,3,7
2009045,3,7,5
2009046,9,8,9
2009047,3,9,3
2009048,9,3,9
2009049,8,3,4
2009050,5,0,8
2009051,4,1,6
2009052,3,8,9
2009053,6,4,5
2009054,6,9,8
2009055,5,6,7
2009056,6,5,2
2009057,6,5,8
2009058,2,0,8
2009059,3,5,9
2009060,7,7,4
2009061,2,0,7
2009062,4,4,3
2009063,9,9,4
2009064,6,6,1
2009065,0,5,5
2009066,6,6,5
2009067,0,1,6
2009068,7,1,8
2009069,0,8,5
2009070,3,5,1
2009071,0,4,7
2009072,8,2,1
2009073,3,0,3
2009074,3,2,8
2009075,9,9,9
2009076,9,8,8
2009077,5,7,6
2009078,5,5,8
2009079,8,9,2
2009080,5,3,0
2009081,4,5,6
2009082,3,7,6
2009083,8,7,7
2009084,0,7,6
2009085,8,5,2
2009086,1,6,1
2009087,8,2,1
2009088,8,0,9
2009089,0,4,6
2009090,0,0,3
2009091,8,5,1
2009092,0,8,5
2009093,0,6,9
2009094,2,9,0
2009095,7,9,2
2009096,4,0,2
2009097,4,7,4
2009098,9,3,7
2009099,4,3,6
2009100,5,8,5
2009101,4,8,5
2009102,1,9,7
2009103,7,3,0
2009104,5,1,5
2009105,6,9,1
2009106,5,8,0
2009107,9,8,5
2009108,2,0,7
2009109,8,3,2
2009110,6,0,3
2009111,6,4,5
2009112,4,7,7
2009113,7,0,5
2009114,3,5,9
2009115,0,4,8
2009116,1,9,2
2009117,5,0,5
2009118,6,6,3
2009119,1,4,6
2009120,3,0,1
2009121,1,8,1
2009122,4,3,1
2009123,9,9,2
2009124,2,2,3
2009125,6,4,4
2009126,7,3,6
2009127,5,3,9
2009128,9,7,4
2009129,0,5,6
2009130,2,6,9
2009131,3,7,3
2009132,8,3,2
2009133,4,1,9
2009134,9,8,6
2009135,7,2,2
2009136,5,7,0
2009137,3,0,2
2009138,8,9,0
2009139,4,1,2
2009140,7,3,1
2009141,9,3,8
2009142,2,1,8
2009143,2,2,1
2009144,0,9,7
2009145,1,1,0
2009146,7,1,4
2009147,5,6,6
2009148,8,3,1
2009149,0,6,3
2009150,7,1,9
2009151,4,5,3
2009152,5,7,2
2009153,3,8,9
2009154,3,5,1
2009155,1,8,8
2009156,8,4,1
2009157,5,0,8
2009158,1,3,9
2009159,0,3,7
2009160,6,2,7
2009161,0,4,8
2009162,9,9,5
2009163,8,3,8
2009164,1,4,7
2009165,3,5,4
2009166,2,0,9
2009167,8,1,7
2009168,5,6,5
2009169,4,7,5
2009170,4,4,6
2009171,2,0,0
2009172,9,1,9
2009173,7,1,3
2009174,9,6,5
2009175,5,8,6
2009176,5,5,1
2009177,0,5,9
2009178,2,4,7
2009179,3,6,2
2009180,0,3,5
2009181,5,0,0
2009182,2,8,8
2009183,6,9,6
2009184,6,2,3
2009185,8,4,5
2009186,0,1,7
2009187,5,1,0
2009188,9,1,1
2009189,2,8,1
2009190,5,3,4
2009191,6,4,0
2009192,6,6,9
2009193,3,4,8
2009194,2,1,4
2009195,2,7,9
2009196,4,6,8
2009197,8,8,9
2009198,2,9,8
2009199,6,1,2
2009200,8,2,3
2009201,1,8,8
2009202,2,3,0
2009203,8,3,0
2009204,0,6,2
2009205,0,8,3
2009206,2,8,4
2009207,3,6,7
2009208,0,1,3
2009209,1,5,4
2009210,3,0,4
2009211,6,8,1
2009212,6,4,2
2009213,5,6,7
2009214,2,3,9
2009215,3,1,8
2009216,6,4,8
2009217,6,8,5
2009218,0,6,1
2009219,8,2,2
2009220,3,1,7
2009221,8,5,6
2009222,7,6,1
2009223,7,4,0
2009224,1,7,6
2009225,4,3,8
2009226,4,5,7
2009227,2,4,4
2009228,7,3,8
2009229,5,9,7
2009230,7,7,2
2009231,1,2,7
2009232,4,3,8
2009233,8,0,7
2009234,0,7,3
2009235,0,6,3
2009236,3,2,3
2009237,8,4,4
2009238,9,6,3
2009239,1,7,3
2009240,2,9,9
2009241,7,7,3
2009242,1,5,6
2009243,6,9,5
2009244,4,2,3
2009245,4,5,4
2009246,7,5,1
2009247,8,0,4
2009248,4,1,2
2009249,5,5,0
2009250,3,1,9
2009251,5,8,7
2009252,3,9,9
2009253,7,0,7
2009254,0,0,8
2009255,9,0,6
2009256,8,6,0
2009257,8,3,9
2009258,5,4,9
2009259,6,6,6
2009260,4,2,3
2009261,3,9,8
2009262,7,9,0
2009263,2,9,2
2009264,3,4,5
2009265,8,6,9
2009266,8,9,4
2009267,9,3,7
2009268,4,8,0
2009269,4,3,0
2009270,7,5,9
2009271,3,3,5
2009272,5,6,6
2009273,0,9,5
2009274,5,9,3
2009275,6,1,5
2009276,6,0,8
2009277,9,4,0
2009278,3,6,7
2009279,6,8,4
2009280,9,5,6
2009281,4,5,9
2009282,8,5,0
2009283,1,6,1
2009284,6,5,4
2009285,9,1,1
2009286,3,4,9
2009287,0,5,6
2009288,4,9,0
2009289,3,4,4
2009290,0,0,4
2009291,8,7,9
2009292,3,7,4
2009293,7,7,9
2009294,9,6,0
2009295,6,7,2
2009296,5,9,1
2009297,7,2,9
2009298,3,1,0
2009299,8,8,0
2009300,7,4,4
2009301,6,6,9
2009302,8,4,9
2009303,6,1,0
2009304,5,5,2
2009305,6,4,0
2009306,5,8,3
2009307,5,5,1
2009308,0,3,0
2009309,8,1,8
2009310,9,6,5
2009311,7,8,9
2009312,8,1,7
2009313,6,6,3
2009314,7,8,9
2009315,5,8,1
2009316,0,7,3
2009317,4,8,0
2009318,6,0,7
2009319,6,3,3
2009320,6,9,2
2009321,0,8,1
2009322,8,2,7
2009323,0,0,3
2009324,9,4,2
2009325,8,7,9
2009326,9,5,0
2009327,5,5,4
2009328,4,0,2
2009329,8,4,4
2009330,6,0,7
2009331,9,1,5
2009332,8,9,7
2009333,3,3,6
2009334,5,1,9
2009335,8,7,7
2009336,9,1,8
2009337,7,5,2
2009338,6,3,4
2009339,6,3,8
2009340,1,5,9
2009341,6,5,4
2009342,5,8,7
2009343,8,7,6
2009344,2,9,2
2009345,6,9,1
2009346,6,0,3
2009347,0,1,6
2009348,5,7,8
2009349,7,2,1
2009350,0,5,2
2009351,6,4,5
2009352,3,7,4
2009353,3,0,8
2009354,4,5,4
2009355,5,6,6
2009356,7,1,2
2009357,8,3,7
2009358,6,7,0
2010001,5,9,1
2010002,9,3,8
2010003,6,1,0
2010004,4,9,6
2010005,9,2,7
2010006,5,6,0
2010007,2,8,1
2010008,3,9,7
2010009,1,0,9
2010010,8,7,5
2010011,1,1,5
2010012,4,2,6
2010013,9,6,9
2010014,1,9,6
2010015,8,2,7
2010016,1,1,1
2010017,4,8,3
2010018,8,2,9
2010019,2,6,0
2010020,9,2,4
2010021,7,1,4
2010022,2,1,7
2010023,5,2,8
2010024,7,7,3
2010025,8,5,8
2010026,6,7,7
2010027,3,5,3
2010028,7,4,0
2010029,9,1,0
2010030,3,9,4
2010031,5,1,4
2010032,3,9,3
2010033,9,7,4
2010034,0,7,5
2010035,9,2,7
2010036,9,0,3
2010037,4,7,4
2010038,0,4,1
2010039,8,8,2
2010040,0,7,2
2010041,5,3,8
2010042,2,1,4
2010043,3,5,7
2010044,8,2,1
2010045,9,8,8
2010046,7,9,6
2010047,0,9,3
2010048,5,1,6
2010049,4,2,3
2010050,3,1,4
2010051,4,6,5
2010052,0,6,5
2010053,4,9,4
2010054,1,1,3
2010055,1,3,1
2010056,7,5,9
2010057,3,1,7
2010058,0,2,3
2010059,1,8,1
2010060,2,9,0
2010061,3,9,7
2010062,5,1,3
2010063,7,8,4
2010064,7,0,6
2010065,9,4,3
2010066,2,1,3
2010067,3,0,5
2010068,1,2,5
2010069,1,0,1
2010070,1,7,4
2010071,9,4,9
2010072,8,2,2
2010073,9,3,2
2010074,0,1,0
2010075,4,0,7
2010076,3,4,9
2010077,1,7,6
2010078,1,1,4
2010079,8,4,3
2010080,5,6,8
2010081,9,7,5
2010082,7,1,9
2010083,4,7,6
2010084,5,5,9
2010085,9,7,2
2010086,3,8,3
2010087,6,7,1
2010088,4,7,0
2010089,1,4,9
2010090,9,5,4
2010091,9,1,3
2010092,2,2,8
2010093,1,4,4
2010094,8,4,8
2010095,3,3,8
2010096,7,6,0
2010097,8,9,3
2010098,2,4,2
2010099,2,1,7
2010100,7,3,2
2010101,2,5,7
2010102,8,7,2
2010103,0,8,1
2010104,4,6,5
2010105,1,9,0
2010106,3,4,2
2010107,2,3,2
2010108,8,4,1
2010109,0,2,7
2010110,7,6,3
2010111,1,8,5
2010112,2,6,3
2010113,4,1,4
2010114,4,0,9
2010115,9,3,8
2010116,6,4,3
2010117,7,4,9
2010118,1,0,5
2010119,9,4,1
2010120,8,5,5
2010121,0,5,6
2010122,7,6,8
2010123,2,3,5
2010124,7,4,3
2010125,0,1,9
2010126,8,2,7
2010127,0,7,7
2010128,0,8,2
2010129,9,2,9
2010130,0,2,0
2010131,7,6,1
2010132,5,9,1
2010133,0,8,6
2010134,8,7,9
2010135,6,3,4
2010136,0,7,6
2010137,9,5,4
2010138,8,7,3
2010139,1,5,6
2010140,8,1,0
2010141,1,9,0
2010142,2,3,2
2010143,7,7,6
2010144,3,3,7
2010145,6,6,7
2010146,1,3,5
2010147,1,0,6
2010148,2,6,8
2010149,6,3,7
2010150,6,4,1
2010151,3,0,4
2010152,8,8,2
2010153,0,0,0
2010154,2,0,7
2010155,2,8,6
2010156,8,3,6
2010157,8,5,2
2010158,3,3,2
2010159,0,5,6
2010160,1,6,1
2010161,3,1,0
2010162,4,5,0
2010163,8,2,0
2010164,0,2,2
2010165,0,5,7
2010166,5,0,3
2010167,5,2,8
2010168,8,9,8
2010169,8,6,1
2010170,0,5,9
2010171,1,1,9
2010172,1,4,7
2010173,0,6,2
2010174,7,5,6
2010175,3,4,5
2010176,0,0,1
2010177,2,8,9
2010178,1,7,6
2010179,7,6,0
2010180,5,2,6
2010181,3,7,9
2010182,2,6,6
2010183,3,5,0
2010184,8,3,7
2010185,4,2,7
2010186,7,0,1
2010187,0,1,9
2010188,2,4,7
2010189,6,7,4
2010190,9,3,5
2010191,4,3,2
2010192,1,6,8
2010193,6,2,3
2010194,2,7,7
2010195,6,5,0
2010196,9,4,8
2010197,7,8,7
2010198,3,1,2
2010199,4,8,6
2010200,4,9,3
2010201,7,0,0
2010202,0,4,1
2010203,4,8,5
2010204,5,3,5
2010205,1,3,2
2010206,8,3,8
2010207,4,6,8
2010208,2,4,8
2010209,8,0,1
2010210,8,2,8
2010211,2,4,9
2010212,0,9,7
2010213,7,2,0
2010214,6,6,6
2010215,8,7,8
2010216,6,8,8
2010217,6,4,2
2010218,7,1,5
2010219,7,4,8
2010220,6,7,2
2010221,4,7,8
2010222,1,3,0
2010223,7,4,4
2010224,2,5,2
2010225,0,6,8
2010226,4,3,4
2010227,2,5,9
2010228,5,1,9
2010229,7,6,4
2010230,2,4,8
2010231,6,1,3
2010232,3,7,9
2010233,5,7,5
2010234,3,5,4
2010235,0,0,7
2010236,6,7,1
2010237,1,7,5
2010238,1,7,1
2010239,9,0,1
2010240,4,0,2
2010241,6,1,2
2010242,8,0,3
2010243,2,8,0
2010244,4,5,7
2010245,0,4,3
2010246,5,3,5
2010247,0,7,5
2010248,4,6,3
2010249,6,9,2
2010250,2,6,7
2010251,3,4,0
2010252,6,6,5
2010253,9,4,5
2010254,9,4,5
2010255,9,1,4
2010256,7,7,5
2010257,0,2,1
2010258,5,5,7
2010259,1,6,2
2010260,8,2,3
2010261,7,9,4
2010262,2,4,0
2010263,4,1,3
2010264,1,7,8
2010265,1,9,9
2010266,7,4,3
2010267,0,3,6
2010268,4,1,9
2010269,2,7,0
2010270,8,9,7
2010271,6,6,0
2010272,3,2,0
2010273,8,1,5
2010274,7,9,4
2010275,6,8,6
2010276,6,6,5
2010277,0,1,6
2010278,1,2,7
2010279,4,0,7
2010280,1,9,9
2010281,5,5,1
2010282,1,4,4
2010283,3,0,3
2010284,1,4,0
2010285,0,1,6
2010286,5,0,1
2010287,0,7,1
2010288,9,1,6
2010289,7,7,1
2010290,7,7,0
2010291,1,2,9
2010292,2,9,1
2010293,0,7,4
2010294,0,9,0
2010295,7,9,8
2010296,7,1,3
2010297,3,7,4
2010298,9,7,5
2010299,2,1,6
2010300,0,8,4
2010301,9,6,5
2010302,6,2,1
2010303,4,4,9
2010304,3,4,0
2010305,5,1,3
2010306,6,4,2
2010307,4,4,2
2010308,4,9,8
2010309,3,7,7
2010310,0,1,7
2010311,3,7,1
2010312,9,7,0
2010313,5,8,6
2010314,5,7,3
2010315,8,5,5
2010316,1,1,1
2010317,6,7,0
2010318,0,5,0
2010319,6,0,5
2010320,3,4,5
2010321,6,0,8
2010322,5,7,8
2010323,2,8,0
2010324,2,9,8
2010325,8,0,9
2010326,0,0,6
2010327,5,0,6
2010328,0,9,4
2010329,5,9,4
2010330,3,7,8
2010331,7,2,6
2010332,7,4,3
2010333,8,0,5
2010334,4,4,7
2010335,2,9,6
2010336,5,6,8
2010337,9,2,1
2010338,6,9,3
2010339,0,4,0
2010340,3,0,2
2010341,9,1,7
2010342,7,9,4
2010343,1,4,6
2010344,7,0,3
2010345,0,2,0
2010346,0,3,3
2010347,4,6,9
2010348,0,9,7
2010349,6,3,8
2010350,1,9,4
2010351,2,4,5
2010352,2,9,5
2010353,0,8,5
2010354,5,3,7
2010355,8,0,4
2010356,8,6,9
2010357,5,1,0
2010358,2,2,8
2011001,1,4,2
2011002,7,2,6
2011003,9,3,7
2011004,6,4,0
2011005,5,7,1
2011006,2,4,2
2011007,2,8,5
2011008,9,8,2
2011009,1,7,6
2011010,5,7,3
2011011,6,3,5
2011012,5,8,7
2011013,8,7,9
2011014,2,7,7
2011015,8,0,9
2011016,7,7,7
2011017,8,1,3
2011018,1,4,1
2011019,3,5,8
2011020,1,6,4
2011021,2,1,5
2011022,7,8,2
2011023,7,7,7
2011024,3,8,8
2011025,5,4,6
2011026,5,9,1
2011027,6,7,7
2011028,3,4,7
2011029,6,7,9
2011030,0,1,3
2011031,9,3,7
2011032,2,6,5
2011033,1,0,6
2011034,2,0,0
2011035,2,1,9
2011036,3,5,0
2011037,0,6,3
2011038,4,0,4
2011039,7,8,4
2011040,9,5,8
2011041,2,8,6
2011042,2,0,8
2011043,1,3,3
2011044,4,5,6
2011045,2,2,4
2011046,8,1,6
2011047,9,5,4
2011048,4,5,8
2011049,7,3,0
2011050,3,1,6
2011051,2,8,1
2011052,0,5,7
2011053,2,7,8
2011054,5,1,8
2011055,7,4,2
2011056,9,4,0
2011057,0,3,0
2011058,0,6,2
2011059,9,6,0
2011060,5,2,8
2011061,8,4,3
2011062,1,6,0
2011063,8,0,6
2011064,7,2,5
2011065,4,2,0
2011066,8,0,9
2011067,5,4,4
2011068,1,0,8
2011069,7,5,3
2011070,3,3,4
2011071,7,8,2
2011072,4,2,8
2011073,1,7,2
2011074,0,8,7
2011075,2,8,7
2011076,7,4,6
2011077,2,0,6
2011078,2,4,6
2011079,7,8,5
2011080,6,4,8
2011081,1,0,0
2011082,4,9,1
2011083,8,6,8
2011084,7,2,1
2011085,3,3,7
2011086,3,6,8
2011087,1,9,4
2011088,3,4,2
2011089,2,1,9
2011090,7,9,6
2011091,3,1,5
2011092,4,3,1
2011093,3,6,9
2011094,8,4,9
2011095,7,8,4
2011096,0,0,6
2011097,4,2,9
2011098,0,2,2
2011099,6,5,2
2011100,7,1,4
2011101,8,8,6
2011102,3,2,9
2011103,6,6,6
2011104,3,2,9
2011105,9,2,7
2011106,1,5,8
2011107,9,0,7
2011108,7,8,8
2011109,9,2,0
2011110,2,4,7
2011111,5,2,3
2011112,5,7,4
2011113,2,9,4
2011114,6,2,8
2011115,8,2,7
2011116,1,7,8
2011117,3,5,8
2011118,7,2,7
2011119,0,8,3
2011120,7,5,9
2011121,2,2,0
2011122,5,5,5
2011123,7,6,9
2011124,7,9,1
2011125,0,0,6
2011126,0,5,5
2011127,4,6,7
2011128,6,9,1
2011129,0,8,2
2011130,0,3,8
2011131,4,5,4
2011132,4,1,8
2011133,0,1,6
2011134,2,2,5
2011135,8,0,9
2011136,5,5,9
2011137,9,5,8
2011138,4,7,5
2011139,2,6,5
2011140,8,1,9
2011141,9,1,5
2011142,7,8,9
2011143,0,5,8
2011144,6,4,4
2011145,4,9,4
2011146,5,0,0
2011147,1,6,3
2011148,4,3,9
2011149,9,2,6
2011150,7,7,3
2011151,5,4,1
2011152,7,2,1
2011153,4,5,6
2011154,6,8,2
2011155,2,5,6
2011156,2,1,2
2011157,5,8,2
2011158,6,0,8
2011159,7,6,9
2011160,5,1,0
2011161,3,7,1
2011162,5,7,3
2011163,6,3,5
2011164,7,0,4
2011165,1,6,2
2011166,4,5,4
2011167,9,4,1
2011168,0,1,7
2011169,9,2,2
2011170,1,5,7
2011171,7,2,5
2011172,2,2,7
2011173,7,6,3
2011174,4,1,2
2011175,2,6,2
2011176,9,0,5
2011177,6,9,7
2011178,1,4,5
2011179,1,7,0
2011180,8,0,4
2011181,9,1,8
2011182,3,5,3
2011183,3,4,1
2011184,2,0,9
2011185,7,6,7
2011186,2,4,2
2011187,9,3,1
2011188,4,3,0
2011189,4,7,2
2011190,4,6,4
2011191,3,5,1
2011192,7,4,6
2011193,8,6,8
2011194,2,1,0
2011195,3,8,5
2011196,4,1,5
2011197,6,3,8
2011198,9,8,5
2011199,2,6,3
2011200,5,5,2
2011201,3,4,8
2011202,7,5,0
2011203,0,1,7
2011204,1,2,7
2011205,3,4,1
2011206,1,4,4
2011207,6,9,9
2011208,4,3,9
2011209,9,9,2
2011210,5,4,0
2011211,7,7,9
2011212,8,6,2
2011213,1,0,9
2011214,9,1,1
2011215,4,5,7
2011216,9,6,9
2011217,6,1,8
2011218,6,4,8
2011219,4,8,5
2011220,9,9,9
2011221,0,6,9
2011222,7,1,3
2011223,3,4,5
2011224,6,1,0
2011225,8,6,3
2011226,2,4,2
2011227,0,8,4
2011228,8,2,0
2011229,1,7,6
2011230,9,3,6
2011231,8,2,7
2011232,4,5,2
2011233,0,0,2
2011234,2,1,1
2011235,0,5,6
2011236,6,3,4
2011237,6,6,2
2011238,3,0,1
2011239,7,8,7
2011240,9,7,5
2011241,8,6,8
2011242,6,9,7
2011243,8,6,6
2011244,7,1,6
2011245,0,8,0
2011246,6,5,0
2011247,6,8,4
2011248,3,7,0
2011249,3,5,8
2011250,7,7,0
2011251,2,5,1
2011252,8,0,8
2011253,5,6,0
2011254,4,9,7
2011255,0,6,8
2011256,2,1,4
2011257,8,1,8
2011258,4,4,2
2011259,3,6,5
2011260,6,2,8
2011261,1,8,9
2011262,5,2,5
2011263,9,2,8
2011264,4,9,9
2011265,0,8,0
2011266,2,4,8
2011267,5,0,1
2011268,5,9,9
2011269,3,9,9
2011270,1,3,9
2011271,3,5,5
2011272,6,4,3
2011273,4,1,6
2011274,3,4,2
2011275,3,6,0
2011276,5,0,9
2011277,2,6,5
2011278,0,8,7
2011279,2,4,1
2011280,5,6,7
2011281,4,8,1
2011282,7,5,3
2011283,4,3,6
2011284,9,0,2
2011285,6,3,2
2011286,5,3,1
2011287,4,2,9
2011288,4,2,2
2011289,4,5,5
2011290,2,4,0
2011291,3,1,0
2011292,9,6,1
2011293,0,9,8
2011294,7,1,7
2011295,6,2,4
2011296,7,6,6
2011297,0,4,2
2011298,8,7,2
2011299,5,6,7
2011300,8,3,8
2011301,9,4,7
2011302,1,7,1
2011303,3,8,5
2011304,3,5,0
2011305,0,1,0
2011306,7,5,4
2011307,2,6,1
2011308,4,3,3
2011309,2,6,8
2011310,4,6,9
2011311,5,3,9
2011312,0,6,8
2011313,1,8,0
2011314,7,0,8
2011315,3,3,0
2011316,9,3,3
2011317,1,3,4
2011318,1,1,6
2011319,4,4,3
2011320,4,4,2
2011321,9,4,4
2011322,2,2,0
2011323,7,2,4
2011324,4,3,6
2011325,3,8,5
2011326,3,8,1
2011327,7,9,1
2011328,6,1,9
2011329,8,3,8
2011330,8,9,0
2011331,9,3,4
2011332,8,0,5
2011333,2,4,6
2011334,7,8,3
2011335,7,6,2
2011336,5,4,1
2011337,7,2,4
2011338,8,0,8
2011339,6,1,3
2011340,0,4,5
2011341,9,6,1
2011342,3,3,3
2011343,9,2,0
2011344,9,0,8
2011345,5,8,0
2011346,9,9,3
2011347,5,3,3
2011348,7,7,2
2011349,7,8,1
2011350,3,6,8
2011351,1,4,5
2011352,5,8,9
2011353,0,1,2
2011354,4,8,9
2011355,4,8,8
2011356,9,1,7
2011357,1,9,3
2011358,2,5,4
2012001,3,0,9
2012002,2,0,9
2012003,7,5,0
2012004,9,6,0
2012005,1,3,5
2012006,8,8,2
2012007,8,8,0
2012008,4,9,7
2012009,1,6,6
2012010,5,9,4
2012011,3,1,5
2012012,2,2,4
2012013,3,1,7
2012014,6,3,7
2012015,1,8,0
2012016,7,4,9
2012017,5,3,8
2012018,0,3,0
2012019,0,4,5
2012020,4,4,6
2012021,9,6,7
2012022,4,2,5
2012023,6,3,3
2012024,9,9,7
2012025,7,5,5
2012026,7,4,6
2012027,2,6,3
2012028,7,3,1
2012029,1,0,0
2012030,9,8,2
2012031,1,9,5
2012032,4,2,1
2012033,8,6,5
2012034,4,6,5
2012035,3,6,9
2012036,2,8,7
2012037,9,7,8
2012038,0,3,2
2012039,7,5,7
2012040,4,7,0
2012041,6,6,4
2012042,0,0,1
2012043,5,2,5
2012044,7,2,3
2012045,0,2,6
2012046,4,9,3
2012047,6,4,2
2012048,8,7,5
2012049,8,0,8
2012050,0,3,5
2012051,3,0,2
2012052,3,5,5
2012053,6,6,3
2012054,1,0,3
2012055,7,1,2
2012056,6,0,7
2012057,6,0,8
2012058,0,9,6
2012059,2,6,9
2012060,4,9,2
2012061,7,6,3
2012062,0,2,3
2012063,1,2,8
2012064,4,7,8
2012065,7,7,5
2012066,6,4,8
2012067,1,9,3
2012068,8,5,6
2012069,6,9,3
2012070,7,5,7
2012071,7,5,9
2012072,7,9,5
2012073,0,6,9
2012074,8,4,1
2012075,5,3,7
2012076,6,0,6
2012077,3,8,8
2012078,1,2,2
2012079,4,5,7
2012080,4,8,2
2012081,9,2,2
2012082,3,2,5
2012083,1,1,6
2012084,6,1,8
2012085,9,1,2
2012086,9,7,3
2012087,5,4,4
2012088,3,6,3
2012089,0,8,0
2012090,5,4,9
2012091,2,2,0
2012092,5,5,3
2012093,0,0,2
2012094,6,6,8
2012095,5,8,8
2012096,8,7,0
2012097,8,6,1
2012098,9,9,6
2012099,4,0,5
2012100,4,1,3
2012101,6,9,5
2012102,0,7,7
2012103,3,0,1
2012104,9,9,0
2012105,3,8,2
2012106,4,3,6
2012107,7,2,8
2012108,7,5,8
2012109,1,2,0
2012110,6,4,5
2012111,8,1,0
2012112,3,8,3
2012113,0,7,0
2012114,8,5,0
2012115,0,8,6
2012116,3,3,9
2012117,6,6,5
2012118,5,1,8
2012119,1,0,0
2012120,4,3,6
2012121,6,9,4
2012122,5,8,5
2012123,2,3,4
2012124,1,0,8
2012125,1,4,3
2012126,5,0,7
2012127,9,8,5
2012128,4,3,1
2012129,3,6,8
2012130,2,9,0
2012131,5,2,7
2012132,6,5,9
2012133,3,4,7
2012134,6,9,8
2012135,9,8,7
2012136,7,4,8
2012137,5,1,7
2012138,5,3,7
2012139,0,3,6
2012140,3,9,0
2012141,2,1,4
2012142,3,4,9
2012143,1,8,5
2012144,9,2,3
2012145,6,2,8
2012146,1,9,7
2012147,5,0,2
2012148,7,3,2
2012149,0,3,1
2012150,8,2,8
2012151,1,4,0
2012152,8,0,2
2012153,7,4,6
2012154,8,4,3
2012155,2,6,7
2012156,8,6,2
2012157,0,1,5
2012158,1,6,2
2012159,5,4,3
2012160,9,6,2
2012161,3,6,9
2012162,8,3,2
2012163,6,4,3
2012164,6,5,1
2012165,3,6,4
2012166,1,1,2
2012167,2,1,2
2012168,4,0,5
2012169,0,1,2
2012170,6,6,1
2012171,2,4,2
2012172,7,6,9
2012173,8,8,7
2012174,8,7,5
2012175,9,7,6
2012176,3,2,7
2012177,6,9,4
2012178,1,2,7
2012179,9,2,1
2012180,2,7,7
2012181,8,4,7
2012182,8,6,1
2012183,2,4,5
2012184,9,2,1
2012185,3,0,9
2012186,2,4,7
2012187,4,8,4
2012188,2,5,2
2012189,0,8,3
2012190,9,6,4
2012191,5,5,8
2012192,9,2,8
2012193,9,4,4
2012194,3,4,6
2012195,6,2,6
2012196,8,7,7
2012197,6,3,9
2012198,6,1,9
2012199,5,0,3
2012200,6,3,2
2012201,8,0,3
2012202,3,9,8
2012203,5,8,3
2012204,1,0,8
2012205,2,9,5
2012206,2,6,5
2012207,0,3,0
2012208,6,1,3
2012209,6,4,1
2012210,3,9,3
2012211,8,4,3
2012212,5,4,7
2012213,2,9,7
2012214,9,6,5
2012215,2,8,4
2012216,8,7,3
2012217,2,5,3
2012218,5,6,5
2012219,1,5,2
2012220,0,9,8
2012221,3,5,1
2012222,0,9,9
2012223,0,9,3
2012224,5,7,3
2012225,6,5,2
2012226,8,7,9
2012227,4,8,5
2012228,1,0,8
2012229,1,4,9
2012230,3,3,3
2012231,9,0,8
2012232,7,0,8
2012233,8,9,7
2012234,4,1,8
2012235,4,2,2
2012236,3,3,2
2012237,7,3,9
2012238,3,0,7
2012239,8,1,0
2012240,1,6,7
2012241,2,4,7
2012242,5,7,2
2012243,2,3,7
2012244,9,3,6
2012245,7,4,9
2012246,5,7,8
2012247,5,1,4
2012248,6,9,0
2012249,4,1,2
2012250,0,2,3
2012251,1,9,5
2012252,6,7,0
2012253,4,6,6
2012254,2,0,3
2012255,1,3,2
2012256,6,9,4
2012257,7,7,3
2012258,9,1,3
2012259,3,4,0
2012260,4,4,2
2012261,4,0,1
2012262,8,6,9
2012263,7,9,9
2012264,7,9,7
2012265,4,1,9
2012266,1,8,1
2012267,3,4,3
2012268,3,3,9
2012269,6,2,5
2012270,9,9,2
2012271,1,4,0
2012272,9,8,9
2012273,6,6,7
2012274,2,6,7
2012275,4,4,7
2012276,4,6,8
2012277,9,9,4
2012278,0,2,1
2012279,5,3,8
2012280,7,1,8
2012281,4,3,8
2012282,8,6,6
2012283,1,6,6
2012284,7,5,6
2012285,9,9,7
2012286,3,0,4
2012287,2,7,1
2012288,0,9,4
2012289,0,3,4
2012290,0,9,9
2012291,1,9,9
2012292,6,4,6
2012293,0,6,1
2012294,0,0,5
2012295,1,0,3
2012296,4,0,7
2012297,1,5,6
2012298,4,0,8
2012299,9,2,5
2012300,5,3,9
2012301,7,0,6
2012302,3,1,7
2012303,7,6,4
2012304,1,5,0
2012305,0,4,2
2012306,0,5,7
2012307,9,7,4
2012308,9,2,1
2012309,0,7,1
2012310,8,9,9
2012311,7,4,3
2012312,8,3,1
2012313,7,4,3
2012314,1,8,1
2012315,3,7,1
2012316,7,0,9
2012317,3,1,5
2012318,1,1,0
2012319,2,8,6
2012320,4,2,8
2012321,9,3,6
2012322,5,2,4
2012323,8,8,9
2012324,1,1,4
2012325,6,5,6
2012326,8,1,4
2012327,3,1,0
2012328,6,4,4
2012329,5,9,5
2012330,5,3,4
2012331,3,8,2
2012332,5,2,3
2012333,7,4,4
2012334,0,0,6
2012335,4,9,3
2012336,2,5,0
2012337,5,7,6
2012338,0,9,7
2012339,2,9,4
2012340,0,4,6
2012341,2,0,4
2012342,3,7,3
2012343,2,9,6
2012344,2,9,3
2012345,8,9,6
2012346,9,9,2
2012347,5,7,6
2012348,8,5,1
2012349,2,6,6
2012350,6,7,6
2012351,0,3,5
2012352,1,2,3
2012353,8,2,3
2012354,7,7,9
2012355,6,3,6
2012356,5,4,6
2012357,1,9,4
2012358,5,5,4
2012359,3,0,9
2013001,2,0,3
2013002,6,7,0
2013003,1,6,6
2013004,7,6,0
2013005,6,2,2
2013006,4,5,7
2013007,1,4,7
2013008,5,5,6
2013009,9,2,1
2013010,6,3,2
2013011,2,0,9
2013012,6,8,8
2013013,9,2,2
2013014,4,1,7
2013015,2,2,8
2013016,0,3,8
2013017,3,8,0
2013018,3,4,7
2013019,8,6,6
2013020,9,2,9
2013021,9,1,8
2013022,2,5,0
2013023,8,0,7
2013024,2,6,8
2013025,5,4,0
2013026,8,5,7
2013027,3,0,8
2013028,1,1,3
2013029,1,4,9
2013030,7,3,2
2013031,7,6,2
2013032,8,4,9
2013033,2,7,7
2013034,3,3,0
2013035,6,3,2
2013036,6,5,8
2013037,3,6,4
2013038,6,4,0
2013039,6,3,9
2013040,5,4,9
2013041,8,5,1
2013042,4,9,6
2013043,5,3,6
2013044,3,1,8
2013045,0,3,9
2013046,9,6,6
2013047,7,8,4
2013048,2,9,0
2013049,6,3,6
2013050,5,5,6
2013051,6,7,6
2013052,5,5,6
2013053,5,6,4
2013054,4,9,7
2013055,4,5,6
2013056,1,3,9
2013057,2,4,3
2013058,0,8,2
2013059,2,5,1
2013060,5,4,9
2013061,6,7,5
2013062,6,6,9
2013063,6,4,1
2013064,1,7,6
2013065,3,2,8
2013066,0,4,1
2013067,8,3,2
2013068,7,7,0
2013069,1,1,5
2013070,2,3,5
2013071,3,6,0
2013072,8,3,1
2013073,2,2,2
2013074,2,8,8
2013075,6,1,7
2013076,1,7,4
2013077,1,8,4
2013078,0,3,2
2013079,7,8,0
2013080,4,6,6
2013081,8,5,7
2013082,2,4,9
2013083,6,0,2
2013084,7,2,1
2013085,6,9,3
2013086,8,9,5
2013087,0,3,4
2013088,3,8,1
2013089,1,9,2
2013090,9,5,5
2013091,1,3,7
2013092,6,3,2
2013093,7,3,7
2013094,0,2,8
2013095,2,1,5
2013096,0,3,9
2013097,7,9,2
2013098,7,5,9
2013099,4,5,0
2013100,3,3,8
2013101,9,2,1
2013102,5,3,6
2013103,2,0,3
2013104,0,1,4
2013105,4,8,4
2013106,4,9,2
2013107,9,8,5
2013108,3,4,3
2013109,1,6,7
2013110,4,1,8
2013111,4,6,6
2013112,9,9,6
2013113,8,3,6
2013114,1,7,1
2013115,9,0,1
2013116,4,0,7
2013117,8,0,8
2013118,3,9,3
2013119,4,5,1
2013120,5,6,9
2013121,0,7,3
2013122,4,6,5
2013123,8,3,2
2013124,9,6,3
2013125,5,1,0
2013126,4,1,0
2013127,6,6,7
2013128,8,4,9
2013129,0,2,0
2013130,9,9,1
2013131,7,9,8
2013132,1,5,5
2013133,3,2,9
2013134,2,2,8
2013135,8,5,0
2013136,2,3,1
2013137,6,2,7
2013138,5,7,9
2013139,9,0,7
2013140,5,9,2
2013141,7,8,2
2013142,9,3,0
2013143,0,6,0
2013144,8,9,0
2013145,3,8,9
2013146,4,6,4
2013147,8,4,3
2013148,8,2,5
2013149,4,5,2
2013150,7,3,6
2013151,9,4,3
2013152,1,4,9
2013153,2,8,8
2013154,3,4,9
2013155,2,9,6
2013156,7,7,5
2013157,3,8,3
2013158,6,1,3
2013159,0,9,8
2013160,2,1,0
2013161,5,3,7
2013162,2,9,2
2013163,1,0,4
2013164,7,3,2
2013165,3,0,0
2013166,0,4,2
2013167,2,4,2
2013168,5,5,6
2013169,3,4,4
2013170,1,2,8
2013171,8,9,0
2013172,4,0,6
2013173,5,0,6
2013174,7,1,4
2013175,1,8,5
2013176,3,0,7
2013177,1,6,9
2013178,9,2,7
2013179,3,6,8
2013180,6,4,2
2013181,2,4,8
2013182,9,4,4
2013183,6,9,3
2013184,4,8,7
2013185,9,1,6
2013186,1,7,0
2013187,1,8,8
2013188,0,2,0
2013189,0,2,6
2013190,7,1,9
2013191,3,1,5
2013192,1,7,0
2013193,4,9,3
2013194,8,0,6
2013195,3,9,8
2013196,1,0,0
2013197,1,1,5
2013198,5,6,6
2013199,8,1,4
2013200,5,7,3
2013201,4,9,8
2013202,6,0,3
2013203,3,0,0
2013204,5,0,6
2013205,7,9,8
2013206,4,9,3
2013207,4,7,3
2013208,0,4,4
2013209,9,2,8
2013210,1,3,9
2013211,7,4,9
2013212,0,8,2
2013213,6,6,0
2013214,8,2,6
2013215,1,5,7
2013216,3,8,3
2013217,9,6,5
2013218,1,1,2
2013219,2,3,2
2013220,6,3,0
2013221,9,9,9
2013222,2,6,0
2013223,8,1,1
2013224,5,7,9
2013225,8,8,4
2013226,5,5,0
2013227,4,2,7
2013228,4,1,0
2013229,0,0,3
2013230,9,6,2
2013231,4,6,8
2013232,4,4,1
2013233,3,6,7
2013234,8,4,6
2013235,6,2,5
2013236,7,1,4
2013237,8,7,4
2013238,1,1,7
2013239,0,9,1
2013240,5,6,9
2013241,7,1,8
2013242,5,2,8
2013243,3,6,1
2013244,3,9,3
2013245,7,4,2
2013246,9,0,6
2013247,5,5,9
2013248,1,1,5
2013249,3,0,7
2013250,9,0,4
2013251,7,5,3
2013252,5,7,3
2013253,6,8,3
2013254,9,5,6
2013255,2,9,5
2013256,5,9,8
2013257,3,9,8
2013258,0,5,5
2013259,4,1,3
2013260,6,2,6
2013261,2,2,7
2013262,6,4,3
2013263,6,8,1
2013264,7,4,8
2013265,3,7,3
2013266,5,5,2
2013267,0,5,1
2013268,4,1,4
2013269,1,6,6
2013270,2,9,5
2013271,3,8,5
2013272,3,0,9
2013273,5,6,8
2013274,6,0,0
2013275,2,5,0
2013276,9,5,4
2013277,3,9,3
2013278,1,3,4
2013279,4,0,9
2013280,1,9,4
2013281,0,0,5
2013282,8,4,6
2013283,5,4,7
2013284,1,6,9
2013285,1,6,5
2013286,1,9,2
2013287,2,0,0
2013288,7,4,8
2013289,7,4,0
2013290,3,2,3
2013291,6,6,7
2013292,0,9,3
2013293,9,5,6
2013294,1,9,8
2013295,3,4,2
2013296,9,4,3
2013297,8,0,3
2013298,7,3,2
2013299,2,0,7
2013300,3,8,3
2013301,7,7,6
2013302,8,8,2
2013303,2,8,9
2013304,2,1,2
2013305,8,6,0
2013306,2,9,1
2013307,6,9,4
2013308,3,7,8
2013309,9,8,2
2013310,2,7,1
2013311,3,5,8
2013312,7,8,4
2013313,8,9,8
2013314,7,1,1
2013315,8,9,9
2013316,0,8,8
2013317,1,9,7
2013318,2,4,4
2013319,4,6,0
2013320,5,7,3
2013321,9,8,7
2013322,6,4,8
2013323,1,1,4
2013324,1,6,7
2013325,8,6,3
2013326,2,3,3
2013327,4,0,5
2013328,9,5,7
2013329,5,2,9
2013330,0,0,4
2013331,2,2,4
2013332,4,2,3
2013333,7,8,9
2013334,6,8,0
2013335,0,0,8
2013336,4,2,3
2013337,0,3,0
2013338,5,1,7
2013339,8,6,7
2013340,8,0,5
2013341,9,8,0
2013342,8,9,9
2013343,7,7,6
2013344,1,4,9
2013345,0,7,2
2013346,0,1,9
2013347,5,5,4
2013348,5,7,4
2013349,5,2,4
2013350,3,2,2
2013351,7,2,6
2013352,1,7,6
2013353,1,8,5
2013354,0,2,4
2013355,2,9,3
2013356,1,6,4
2013357,3,2,0
2013358,9,6,8
2014001,6,8,7
2014002,6,3,4
2014003,6,4,3
2014004,9,5,5
2014005,7,5,5
2014006,9,9,2
2014007,2,8,3
2014008,5,9,0
2014009,4,3,2
2014010,6,4,5
2014011,3,1,9
2014012,3,6,8
2014013,6,1,3
2014014,9,4,5
2014015,7,4,2
2014016,2,2,4
2014017,0,5,7
2014018,4,7,4
2014019,6,1,0
2014020,0,8,7
2014021,8,7,5
2014022,9,6,9
2014023,3,0,3
2014024,3,4,4
2014025,6,8,3
2014026,3,0,0
2014027,7,7,4
2014028,8,0,5
2014029,6,1,8
2014030,4,8,8
2014031,2,0,4
2014032,2,5,6
2014033,4,4,4
2014034,3,3,5
2014035,7,2,3
2014036,6,3,0
2014037,8,0,9
2014038,0,0,4
2014039,4,7,8
2014040,0,6,8
2014041,7,0,2
2014042,1,5,6
2014043,8,5,4
2014044,5,8,5
2014045,2,3,6
2014046,2,4,8
2014047,9,0,3
2014048,2,1,4
2014049,3,9,2
2014050,7,5,7
2014051,3,1,0
2014052,7,9,3
2014053,7,0,0
2014054,2,5,7
2014055,7,6,1
2014056,3,8,6
2014057,5,0,2
2014058,2,1,0
2014059,8,7,1
2014060,9,7,7
2014061,8,1,9
2014062,3,0,0
2014063,7,4,2
2014064,3,6,1
2014065,2,0,8
2014066,6,9,3
2014067,0,7,2
2014068,9,6,8
2014069,6,5,2
2014070,9,1,1
2014071,5,3,7
2014072,6,6,2
2014073,0,3,6
2014074,9,2,1
2014075,1,4,6
2014076,5,5,9
2014077,7,1,2
2014078,6,3,0
2014079,2,0,6
2014080,6,7,0
2014081,5,4,4
2014082,9,3,4
2014083,5,2,1
2014084,5,5,8
2014085,6,2,3
2014086,0,5,6
2014087,0,3,0
2014088,4,0,4
2014089,5,0,6
2014090,4,8,2
2014091,4,9,5
2014092,3,0,3
2014093,9,9,8
2014094,2,8,5
2014095,5,5,3
2014096,7,3,8
2014097,3,8,9
2014098,5,4,8
2014099,2,8,6
2014100,1,7,0
2014101,8,9,2
2014102,3,5,2
2014103,2,5,0
2014104,9,5,7
2014105,6,1,3
2014106,9,7,0
2014107,6,6,9
2014108,9,6,0
2014109,9,6,5
2014110,7,6,8
2014111,4,8,7
2014112,4,2,9
2014113,1,2,4
2014114,2,4,3
2014115,6,4,5
2014116,9,1,0
2014117,8,2,9
2014118,1,8,2
2014119,3,8,3
2014120,7,5,8
2014121,7,4,3
2014122,4,9,9
2014123,3,1,5
2014124,7,0,1
2014125,8,5,2
2014126,5,8,8
2014127,3,4,1
2014128,7,8,0
2014129,1,4,5
2014130,2,1,1
2014131,8,7,0
2014132,1,3,9
2014133,6,5,0
2014134,0,8,5
2014135,4,0,9
2014136,8,4,0
2014137,1,6,9
2014138,5,8,7
2014139,7,6,4
2014140,9,0,1
2014141,9,2,1
2014142,5,9,4
2014143,2,4,4
2014144,0,7,7
2014145,6,1,2
2014146,3,6,7
2014147,5,7,8
2014148,1,8,0
2014149,2,6,2
2014150,1,0,7
2014151,3,9,1
2014152,8,2,1
2014153,3,9,2
2014154,1,1,5
2014155,6,7,7
2014156,4,1,9
2014157,5,7,5
2014158,4,1,1
2014159,3,1,2
2014160,0,4,5
2014161,9,4,6
2014162,5,8,7
2014163,6,6,8
2014164,3,4,1
2014165,4,6,6
2014166,3,1,6
2014167,9,8,6
2014168,4,8,1
2014169,2,7,9
2014170,6,3,0
2014171,6,3,1
2014172,8,4,3
2014173,3,5,9
2014174,6,5,9
2014175,3,4,7
2014176,6,8,5
2014177,2,6,0
2014178,0,7,7
2014179,1,3,0
2014180,1,9,9
2014181,8,0,6
2014182,8,0,4
2014183,9,8,7
2014184,3,9,7
2014185,6,3,6
2014186,2,8,4
2014187,8,7,6
2014188,9,6,5
2014189,8,5,8
2014190,5,9,7
2014191,4,1,1
2014192,2,0,8
2014193,5,3,1
2014194,6,2,6
2014195,8,9,5
2014196,8,8,3
2014197,8,3,2
2014198,9,8,0
2014199,6,4,8
2014200,5,8,3
2014201,3,6,3
2014202,6,2,7
2014203,6,4,8
2014204,2,8,4
2014205,2,7,2
2014206,6,5,7
2014207,2,5,8
2014208,2,4,1
2014209,1,9,4
2014210,5,8,5
2014211,6,9,7
2014212,5,5,3
2014213,4,4,7
2014214,7,7,0
2014215,1,7,5
2014216,9,3,8
2014217,3,5,4
2014218,2,3,8
2014219,8,5,9
2014220,6,2,8
2014221,3,8,4
2014222,6,7,2
2014223,4,4,4
2014224,6,8,9
2014225,9,0,2
2014226,6,7,5
2014227,7,0,3
2014228,8,5,5
2014229,6,8,1
2014230,6,8,8
2014231,8,0,3
2014232,1,1,9
2014233,2,8,3
2014234,5,8,0
2014235,3,3,0
2014236,4,3,0
2014237,2,6,0
2014238,4,2,5
2014239,5,5,2
2014240,4,1,1
2014241,1,4,3
2014242,1,2,4
2014243,8,7,6
2014244,1,2,2
2014245,6,0,8
2014246,6,2,7
2014247,7,1,4
2014248,7,0,8
2014249,2,8,1
2014250,1,8,0
2014251,4,2,4
2014252,9,0,2
2014253,2,9,8
2014254,0,3,1
2014255,3,9,5
2014256,7,6,7
2014257,1,9,4
2014258,7,1,8
2014259,5,5,1
2014260,5,7,8
2014261,9,8,8
2014262,9,4,1
2014263,3,0,4
2014264,3,9,5
2014265,5,0,2
2014266,5,8,2
2014267,1,6,2
2014268,6,2,1
2014269,9,4,2
2014270,2,7,5
2014271,3,9,2
2014272,4,7,8
2014273,3,7,0
2014274,3,6,1
2014275,8,9,7
2014276,4,6,0
2014277,6,6,9
2014278,2,0,9
2014279,0,6,6
2014280,5,2,4
2014281,3,3,9
2014282,6,8,4
2014283,1,5,0
2014284,6,7,0
2014285,1,3,9
2014286,6,6,7
2014287,7,3,8
2014288,1,0,0
2014289,4,7,5
2014290,0,7,6
2014291,0,7,3
2014292,8,0,2
2014293,0,8,1
2014294,8,1,7
2014295,8,2,9
2014296,9,2,4
2014297,1,6,1
2014298,0,1,1
2014299,5,5,7
2014300,6,0,5
2014301,2,1,3
2014302,6,0,5
2014303,9,4,9
2014304,0,4,1
2014305,4,7,4
2014306,3,9,1
2014307,6,4,2
2014308,4,2,9
2014309,4,6,1
2014310,9,6,3
2014311,2,9,6
2014312,3,0,8
2014313,1,9,2
2014314,7,1,3
2014315,3,1,2
2014316,6,7,8
2014317,0,4,1
2014318,3,8,2
2014319,7,7,4
2014320,1,8,2
2014321,9,7,4
2014322,6,6,7
2014323,9,4,5
2014324,9,3,5
2014325,2,8,8
2014326,9,7,8
2014327,0,8,8
2014328,3,6,2
2014329,7,8,5
2014330,6,1,4
2014331,2,8,7
2014332,3,3,0
2014333,4,3,7
2014334,1,4,2
2014335,4,0,7
2014336,5,1,3
2014337,6,6,8
2014338,9,1,7
2014339,6,4,9
2014340,3,7,0
2014341,7,7,3
2014342,7,9,7
2014343,6,1,4
2014344,2,0,9
2014345,6,9,5
2014346,3,5,1
2014347,9,9,8
2014348,5,2,2
2014349,7,7,1
2014350,2,2,3
2014351,5,0,5
2014352,7,2,7
2014353,5,1,5
2014354,7,1,3
2014355,7,7,3
2014356,3,7,1
2014357,6,1,0
2015001,2,4,5
2015002,0,4,7
2015003,0,2,9
2015004,9,3,7
2015005,0,3,1
2015006,0,5,3
2015007,0,5,5
2015008,9,1,9
2015009,7,3,0
2015010,5,9,9
2015011,6,6,0
2015012,0,4,7
2015013,7,6,4
2015014,4,0,2
2015015,2,0,7
2015016,6,5,6
2015017,0,2,7
2015018,9,0,2
2015019,9,0,9
2015020,7,3,1
2015021,7,0,0
2015022,9,8,2
2015023,3,2,5
2015024,8,7,5
2015025,2,1,8
2015026,0,6,8
2015027,4,5,2
2015028,2,8,3
2015029,3,6,7
2015030,2,7,8
2015031,1,1,7
2015032,7,1,1
2015033,1,5,0
2015034,1,7,8
2015035,7,4,4
2015036,2,7,5
2015037,8,3,3
2015038,0,4,3
2015039,0,9,4
2015040,0,7,6
2015041,7,9,4
2015042,5,2,1
2015043,2,2,4
2015044,8,6,1
2015045,6,5,6
2015046,6,3,6
2015047,7,9,9
2015048,4,7,2
2015049,0,4,3
2015050,6,8,3
2015051,1,6,3
2015052,1,9,7
2015053,6,2,2
2015054,3,9,5
2015055,4,6,4
2015056,7,8,3
2015057,8,5,6
2015058,5,6,9
2015059,8,8,9
2015060,6,4,0
2015061,2,8,5
2015062,8,2,7
2015063,5,4,7
2015064,3,6,8
2015065,7,9,9
2015066,6,8,8
2015067,4,4,2
2015068,7,5,7
2015069,1,5,8
2015070,1,9,6
2015071,8,0,7
2015072,5,6,1
2015073,6,8,0
2015074,8,4,0
2015075,4,9,0
2015076,2,8,8
2015077,3,0,1
2015078,4,9,1
2015079,6,2,2
2015080,8,1,0
2015081,2,2,4
2015082,0,6,9
2015083,1,7,8
2015084,7,1,8
2015085,9,4,7
2015086,4,7,2
2015087,3,1,4
2015088,9,5,5
2015089,8,3,6
2015090,8,9,9
2015091,3,4,9
2015092,6,3,4
2015093,3,6,7
2015094,5,6,5
2015095,7,4,6
2015096,7,9,6
2015097,2,6,8
2015098,3,0,9
2015099,3,2,6
2015100,8,8,7
2015101,4,3,8
2015102,9,3,6
2015103,7,7,6
2015104,6,7,4
2015105,1,3,9
2015106,2,4,1
2015107,4,1,5
2015108,7,5,8
2015109,4,7,4
2015110,9,8,8
2015111,8,7,1
2015112,4,5,1
2015113,4,0,5
2015114,8,4,4
2015115,5,9,8
2015116,7,7,1
2015117,7,1,6
2015118,6,0,7
2015119,0,7,9
2015120,7,8,4
2015121,2,2,7
2015122,2,7,4
2015123,2,4,0
2015124,5,9,9
2015125,2,5,9
2015126,9,7,1
2015127,0,9,7
2015128,3,1,3
2015129,0,5,5
2015130,2,1,8
2015131,4,7,1
2015132,6,8,5
2015133,0,0,1
2015134,6,6,1
2015135,2,3,1
2015136,3,7,8
2015137,2,3,9
2015138,1,8,2
2015139,3,3,9
2015140,7,5,5
2015141,8,1,2
2015142,3,6,0
2015143,8,8,0
2015144,9,8,0
2015145,1,9,7
2015146,4,6,1
2015147,3,3,1
2015148,7,5,0
2015149,0,2,2
2015150,2,7,5
2015151,4,3,0
2015152,6,6,0
2015153,4,5,1
2015154,4,1,1
2015155,1,8,8
2015156,8,2,7
2015157,2,2,2
2015158,0,3,7
2015159,8,4,7
2015160,2,9,7
2015161,8,2,3
2015162,0,3,9
2015163,0,3,0
2015164,1,3,3
2015165,5,6,7
2015166,1,8,9
2015167,6,0,1
2015168,3,0,6
2015169,5,1,1
2015170,3,1,3
2015171,6,7,2
2015172,8,6,4
2015173,4,9,8
2015174,5,0,3
2015175,7,4,3
2015176,7,7,3
2015177,6,0,5
2015178,1,4,1
2015179,3,8,1
2015180,7,0,2
2015181,2,8,1
2015182,4,1,7
2015183,7,3,1
2015184,1,1,9
2015185,8,7,0
2015186,5,1,9
2015187,8,7,8
2015188,6,6,3
2015189,2,2,4
2015190,4,0,8
2015191,7,1,3
2015192,7,7,4
2015193,4,1,6
2015194,6,5,1
2015195,7,8,1
2015196,8,1,3
2015197,5,8,0
2015198,5,7,7
2015199,1,3,1
2015200,5,5,3
2015201,9,0,5
2015202,9,2,5
2015203,9,8,8
2015204,6,4,4
2015205,3,1,3
2015206,0,9,0
2015207,6,3,5
2015208,2,5,3
2015209,5,4,7
2015210,5,0,8
2015211,7,0,1
2015212,8,9,6
2015213,2,0,5
2015214,2,4,1
2015215,2,1,6
2015216,0,5,3
2015217,3,6,5
2015218,1,9,9
2015219,5,6,6
2015220,8,8,4
2015221,0,6,5
2015222,5,5,0
2015223,8,0,1
2015224,8,1,0
2015225,2,3,4
2015226,1,4,5
2015227,1,8,7
2015228,2,9,0
2015229,6,7,1
2015230,9,5,2
2015231,6,8,3
2015232,8,1,1
2015233,4,3,2
2015234,4,5,4
2015235,1,0,7
2015236,2,6,4
2015237,1,0,7
2015238,2,6,7
2015239,8,9,9
2015240,4,6,2
2015241,9,5,7
2015242,7,6,4
2015243,8,9,9
2015244,8,8,7
2015245,8,3,1
2015246,3,1,3
2015247,4,9,8
2015248,9,9,5
2015249,3,1,9
2015250,8,7,3
2015251,6,6,8
2015252,9,6,7
2015253,5,1,4
2015254,1,7,8
2015255,8,3,5
2015256,7,2,2
2015257,8,8,9
2015258,5,5,5
2015259,0,6,4
2015260,1,1,8
2015261,3,2,0
2015262,9,6,3
2015263,0,8,2
2015264,9,1,4
2015265,0,1,9
2015266,7,5,2
2015267,7,8,7
2015268,3,3,4
2015269,7,7,7
2015270,7,0,5
2015271,1,9,1
2015272,8,2,8
2015273,7,9,0
2015274,7,5,5
2015275,4,4,6
2015276,0,1,1
2015277,7,0,6
2015278,8,4,5
2015279,6,1,2
2015280,9,8,1
2015281,1,4,4
2015282,8,6,4
2015283,9,1,5
2015284,5,7,7
2015285,5,0,8
2015286,0,2,0
2015287,9,7,7
2015288,9,9,9
2015289,6,9,6
2015290,7,9,5
2015291,8,9,6
2015292,1,0,0
2015293,9,2,0
2015294,6,2,8
2015295,2,3,2
2015296,3,6,1
2015297,8,8,8
2015298,2,3,6
2015299,6,5,7
2015300,2,5,6
2015301,2,7,1
2015302,1,2,0
2015303,4,7,5
2015304,7,5,1
2015305,6,0,2
2015306,3,9,2
2015307,4,7,3
2015308,8,4,9
2015309,8,9,9
2015310,5,1,6
2015311,6,5,6
2015312,3,1,8
2015313,0,0,8
2015314,0,1,0
2015315,4,0,3
2015316,8,6,9
2015317,6,2,8
2015318,1,1,1
2015319,8,6,0
2015320,7,8,5
2015321,2,8,6
2015322,9,3,9
2015323,7,6,4
2015324,6,9,8
2015325,6,0,7
2015326,8,1,8
2015327,8,1,9
2015328,3,7,3
2015329,4,5,1
2015330,3,6,9
2015331,0,7,0
2015332,4,3,4
2015333,9,8,0
2015334,2,6,1
2015335,9,9,6
2015336,3,6,9
2015337,6,2,4
2015338,2,5,4
2015339,0,1,4
2015340,0,7,9
2015341,0,7,0
2015342,6,4,2
2015343,6,5,5
2015344,1,3,4
2015345,6,1,2
2015346,2,2,9
2015347,2,3,2
2015348,9,9,7
2015349,6,8,0
2015350,4,6,1
2015351,9,9,3
2015352,4,3,8
2015353,3,9,1
2015354,3,5,6
2015355,3,4,4
2015356,4,7,5
2015357,2,5,8
2015358,2,6,1
2016001,8,7,9
2016002,2,7,3
2016003,1,5,9
2016004,6,7,1
2016005,5,8,1
2016006,7,0,9
2016007,9,5,2
2016008,5,8,3
2016009,3,5,3
2016010,8,0,2
2016011,8,1,5
2016012,1,8,0
2016013,3,2,4
2016014,9,3,8
2016015,3,4,9
2016016,4,4,7
2016017,5,3,1
2016018,5,6,3
2016019,2,7,8
2016020,5,2,1
2016021,6,9,9
2016022,9,1,6
2016023,7,2,9
2016024,6,2,4
2016025,1,1,0
2016026,3,2,4
2016027,2,8,0
2016028,4,1,6
2016029,0,2,6
2016030,2,9,3
2016031,5,9,2
2016032,7,7,8
2016033,3,8,7
2016034,6,0,6
2016035,9,8,1
2016036,9,6,8
2016037,4,6,8
2016038,9,6,0
2016039,2,4,8
2016040,1,4,3
2016041,5,1,9
2016042,7,0,1
2016043,5,5,7
2016044,0,1,0
2016045,6,9,2
2016046,3,8,3
2016047,6,0,6
2016048,8,5,1
2016049,7,3,9
2016050,7,3,1
2016051,5,2,8
2016052,6,4,1
2016053,9,4,9
2016054,3,2,8
2016055,5,5,3
2016056,9,4,1
2016057,5,4,3
2016058,1,2,6
2016059,7,4,1
2016060,0,3,9
2016061,7,5,4
2016062,8,0,3
2016063,3,5,6
2016064,0,6,2
2016065,4,5,0
2016066,1,8,1
2016067,0,0,1
2016068,0,7,5
2016069,6,4,3
2016070,8,9,6
2016071,6,5,0
2016072,0,2,0
2016073,8,1,5
2016074,7,7,7
2016075,8,4,5
2016076,6,4,4
2016077,7,1,7
2016078,9,0,8
2016079,0,7,5
2016080,2,6,1
2016081,6,3,5
2016082,6,4,0
2016083,2,8,9
2016084,2,8,2
2016085,9,6,7
2016086,2,4,9
2016087,0,9,9
2016088,4,7,3
2016089,1,1,1
2016090,9,5,4
2016091,4,0,5
2016092,8,7,5
2016093,6,2,2
2016094,8,2,4
2016095,7,0,4
2016096,3,4,8
2016097,5,3,2
2016098,4,1,4
2016099,2,1,7
2016100,5,5,1
2016101,0,6,1
2016102,2,8,2
2016103,1,2,6
2016104,9,0,0
2016105,6,9,9
2016106,0,4,3
2016107,2,3,8
2016108,4,8,0
2016109,1,0,0
2016110,6,5,0
2016111,3,3,6
2016112,3,4,0
2016113,6,7,9
2016114,9,8,1
2016115,6,3,1
2016116,4,2,5
2016117,3,2,6
2016118,7,0,3
2016119,3,0,8
2016120,9,3,6
2016121,8,4,3
2016122,7,6,2
2016123,7,0,8
2016124,9,1,4
2016125,5,9,4
2016126,1,3,4
2016127,9,5,7
2016128,1,2,3
2016129,6,4,1
2016130,8,6,2
2016131,7,5,3
2016132,4,5,3
2016133,6,9,1
2016134,1,0,7
2016135,7,3,2
2016136,6,1,9
2016137,3,9,3
2016138,5,6,0
2016139,2,5,0
2016140,7,8,7
2016141,6,8,8
2016142,4,3,5
2016143,5,0,3
2016144,6,2,5
2016145,9,4,1
2016146,7,6,1
2016147,9,8,9
2016148,8,1,3
2016149,7,5,3
2016150,9,1,2
2016151,3,3,6
2016152,4,9,8
2016153,1,7,4
2016154,8,3,9
2016155,7,8,4
2016156,2,7,8
2016157,1,5,1
2016158,9,2,0
2016159,6,9,1
2016160,0,1,7
2016161,0,4,1
2016162,6,3,4
2016163,0,3,3
2016164,2,7,3
2016165,0,4,1
2016166,3,9,6
2016167,2,4,9
2016168,1,1,9
2016169,7,0,6
2016170,9,0,9
2016171,5,9,8
2016172,3,2,3
2016173,6,9,5
2016174,0,0,7
2016175,6,4,1
2016176,7,1,2
2016177,1,9,5
2016178,2,4,4
2016179,3,8,7
2016180,6,5,9
2016181,8,6,9
2016182,4,8,9
2016183,6,9,5
2016184,7,0,3
2016185,3,8,0
2016186,6,1,8
2016187,1,3,9
2016188,0,9,9
2016189,7,9,0
2016190,8,2,3
2016191,3,0,8
2016192,6,6,1
2016193,6,9,5
2016194,4,0,7
2016195,6,1,0
2016196,9,0,7
2016197,9,1,5
2016198,3,0,3
2016199,3,4,7
2016200,9,3,2
2016201,3,2,0
2016202,7,8,4
2016203,9,7,5
2016204,3,2,9
2016205,4,9,9
2016206,1,7,3
2016207,5,9,6
2016208,9,5,0
2016209,0,2,3
2016210,2,7,9
2016211,6,3,4
2016212,0,3,8
2016213,1,7,3
2016214,9,4,2
2016215,1,4,4
2016216,3,3,4
2016217,0,3,8
2016218,2,3,3
2016219,4,1,0
2016220,3,6,7
2016221,8,0,8
2016222,4,0,4
2016223,2,9,7
2016224,2,7,8
2016225,2,1,2
2016226,2,8,9
2016227,6,9,8
2016228,1,8,8
2016229,3,7,8
2016230,4,9,7
2016231,4,5,8
2016232,1,3,2
2016233,6,9,4
2016234,2,0,4
2016235,5,5,4
2016236,8,9,1
2016237,5,3,1
2016238,0,3,7
2016239,5,6,0
2016240,0,8,7
2016241,4,9,9
2016242,3,9,5
2016243,4,4,6
2016244,6,9,9
2016245,7,6,0
2016246,3,1,9
2016247,4,4,1
2016248,1,3,9
2016249,1,0,9
2016250,4,1,6
2016251,8,6,0
2016252,0,5,2
2016253,2,6,5
2016254,5,6,4
2016255,4,5,1
2016256,6,2,8
2016257,9,7,6
2016258,2,6,6
2016259,3,2,8
2016260,0,6,1
2016261,0,4,9
2016262,6,5,9
2016263,4,8,9
2016264,8,9,8
2016265,5,2,5
2016266,9,1,4
2016267,9,8,9
2016268,1,0,5
2016269,8,6,0
2016270,4,1,1
2016271,4,4,3
2016272,3,7,3
2016273,5,6,5
2016274,8,8,3
2016275,8,7,4
2016276,2,7,7
2016277,0,8,5
2016278,4,3,5
2016279,6,2,4
2016280,3,7,8
2016281,9,9,8
2016282,6,2,6
2016283,7,4,0
2016284,1,4,3
2016285,8,4,8
2016286,9,0,7
2016287,6,2,1
2016288,0,1,0
2016289,3,5,9
2016290,4,3,0
2016291,1,3,7
2016292,5,0,7
2016293,3,2,6
2016294,3,3,4
2016295,7,8,9
2016296,7,8,4
2016297,1,6,0
2016298,6,5,1
2016299,0,4,5
2016300,8,0,5
2016301,5,7,2
2016302,6,5,6
2016303,8,0,1
2016304,8,5,6
2016305,7,4,4
2016306,0,7,3
2016307,9,9,7
2016308,7,4,3
2016309,8,3,0
2016310,0,4,5
2016311,3,9,8
2016312,1,1,3
2016313,3,7,3
2016314,1,5,7
2016315,8,8,8
2016316,7,7,4
2016317,2,4,3
2016318,4,7,0
2016319,5,5,7
2016320,5,2,9
2016321,8,3,2
2016322,1,5,3
2016323,8,7,7
2016324,6,6,3
2016325,9,6,1
2016326,6,9,0
2016327,8,3,1
2016328,7,0,9
2016329,2,4,4
2016330,3,1,8
2016331,9,8,3
2016332,7,7,6
2016333,0,5,4
2016334,1,8,9
2016335,5,5,0
2016336,0,9,7
2016337,2,9,9
2016338,3,0,1
2016339,2,6,2
2016340,4,9,3
2016341,1,5,1
2016342,4,4,8
2016343,2,2,5
2016344,3,6,7
2016345,5,5,9
2016346,0,2,9
2016347,8,0,6
2016348,2,8,9
2016349,0,4,9
2016350,3,8,3
2016351,8,1,8
2016352,0,1,6
2016353,0,8,4
2016354,4,2,8
2016355,9,4,2
2016356,1,2,5
2016357,4,1,5
2016358,1,1,0
2016359,8,8,3
2017001,3,6,9
2017002,7,7,9
2017003,6,5,0
2017004,3,1,7
2017005,2,4,6
2017006,8,8,8
2017007,7,8,3
2017008,1,6,9
2017009,2,0,2
2017010,9,7,6
2017011,9,0,9
2017012,1,2,5
2017013,5,8,2
2017014,2,2,1
2017015,9,5,0
2017016,4,6,9
2017017,8,1,7
2017018,3,1,5
2017019,6,0,6
2017020,8,9,3
2017021,8,5,4
2017022,0,2,8
2017023,2,5,0
2017024,7,0,9
2017025,3,5,9
2017026,2,5,9
2017027,8,7,3
2017028,1,9,3
2017029,2,7,2
2017030,1,0,7
2017031,3,7,6
2017032,2,3,7
2017033,1,1,4
2017034,3,4,8
2017035,6,2,4
2017036,6,5,0
2017037,8,9,7
2017038,1,3,4
2017039,3,9,5
2017040,8,9,9
2017041,4,8,0
2017042,0,0,0
2017043,0,5,0
2017044,8,6,1
2017045,6,7,9
2017046,5,7,0
2017047,9,4,5
2017048,5,5,7
2017049,0,3,6
2017050,2,7,8
2017051,7,0,2
2017052,7,3,1
2017053,6,5,2
2017054,7,5,4
2017055,2,7,6
2017056,1,0,2
2017057,2,4,2
2017058,2,6,2
2017059,1,4,3
2017060,8,6,8
2017061,4,5,4
2017062,9,7,5
2017063,8,6,4
2017064,1,5,8
2017065,5,7,7
2017066,3,2,2
2017067,6,4,4
2017068,9,1,0
2017069,5,1,8
2017070,2,3,1
2017071,8,8,2
2017072,1,7,4
2017073,0,7,5
2017074,5,7,6
2017075,7,8,7
2017076,0,7,4
2017077,0,2,0
2017078,4,4,9
2017079,4,8,7
2017080,7,3,5
2017081,1,2,9
2017082,6,2,5
2017083,1,0,5
2017084,8,2,2
2017085,5,6,0
2017086,6,9,7
2017087,3,7,7
2017088,3,6,6
2017089,5,1,8
2017090,3,9,0
2017091,3,4,1
2017092,3,0,5
2017093,8,4,0
2017094,5,7,3
2017095,5,9,3
2017096,4,7,0
2017097,7,4,9
2017098,4,0,7
2017099,0,4,6
2017100,5,9,6
2017101,8,0,9
2017102,6,9,8
2017103,3,5,0
2017104,5,2,4
2017105,4,2,1
2017106,9,3,6
2017107,7,2,5
2017108,5,5,7
2017109,4,8,8
2017110,2,6,6
2017111,3,3,1
2017112,6,9,5
2017113,7,4,5
2017114,1,6,7
2017115,1,6,0
2017116,8,1,4
2017117,7,3,1
2017118,6,0,5
2017119,5,0,9
2017120,2,8,4
2017121,4,3,9
2017122,0,4,5
2017123,0,0,8
2017124,0,1,5
2017125,8,7,8
2017126,4,9,9
2017127,6,2,3
2017128,0,5,5
2017129,5,6,6
2017130,6,7,6
2017131,4,8,2
2017132,5,5,6
2017133,9,2,0
2017134,3,5,9
2017135,0,7,7
2017136,8,8,8
2017137,1,1,9
2017138,1,8,1
2017139,6,9,5
2017140,6,1,4
2017141,1,1,5
2017142,8,7,7
2017143,6,9,8
2017144,5,8,5
2017145,9,4,5
2017146,5,4,9
2017147,2,9,9
2017148,7,3,9
2017149,7,3,9
2017150,1,1,3
2017151,0,7,6
2017152,7,0,7
2017153,6,0,8
2017154,3,6,3
2017155,9,3,5
2017156,2,4,8
2017157,1,7,3
2017158,2,8,5
2017159,8,7,2
2017160,2,1,0
2017161,7,9,7
2017162,3,9,8
2017163,0,0,8
2017164,3,1,2
2017165,3,3,3
2017166,4,9,6
2017167,4,7,1
2017168,1,3,6
2017169,8,5,4
2017170,8,8,1
2017171,3,4,6
2017172,5,5,8
2017173,6,9,4
2017174,4,1,4
2017175,0,0,1
2017176,2,7,6
2017177,9,7,5
2017178,7,4,4
2017179,1,5,9
2017180,3,6,4
2017181,5,6,9
2017182,1,4,8
2017183,9,9,4
2017184,8,9,9
2017185,2,2,8
2017186,0,3,3
2017187,6,1,3
2017188,7,4,1
2017189,5,6,2
2017190,8,8,3
2017191,5,6,7
2017192,4,0,6
2017193,3,5,2
2017194,4,6,6
2017195,6,8,6
2017196,1,7,4
2017197,6,8,1
2017198,7,0,3
2017199,3,6,7
2017200,8,2,7
2017201,3,5,8
2017202,9,9,6
2017203,0,7,0
2017204,0,5,3
2017205,7,7,0
2017206,3,4,4
2017207,3,3,1
2017208,8,2,2
2017209,3,5,4
2017210,2,5,6
2017211,1,2,4
2017212,7,1,6
2017213,9,8,6
2017214,3,1,3
2017215,3,6,9
2017216,0,6,3
2017217,8,1,2
2017218,9,1,1
2017219,5,1,3
2017220,2,8,7
2017221,8,5,7
2017222,7,3,1
2017223,7,7,8
2017224,2,6,5
2017225,8,0,1
2017226,9,0,3
2017227,8,8,5
2017228,5,3,5
2017229,7,0,7
2017230,5,9,8
2017231,7,4,8
2017232,0,9,1
2017233,9,5,2
2017234,8,9,5
2017235,3,6,2
2017236,9,3,7
2017237,1,3,5
2017238,5,1,7
2017239,3,8,9
2017240,5,9,1
2017241,6,6,4
2017242,2,3,7
2017243,7,5,1
2017244,0,4,8
2017245,2,8,4
2017246,7,7,8
2017247,3,7,0
2017248,8,5,6
2017249,3,0,2
2017250,1,4,2
2017251,9,5,1
2017252,3,8,7
2017253,3,2,6
2017254,6,3,9
2017255,5,2,1
2017256,3,6,2
2017257,2,3,4
2017258,3,6,1
2017259,4,8,1
2017260,0,9,5
2017261,6,8,6
2017262,9,1,2
2017263,6,7,2
2017264,9,3,3
2017265,3,7,2
2017266,2,0,3
2017267,7,7,0
2017268,5,7,8
2017269,9,3,8
2017270,1,3,5
2017271,4,2,8
2017272,9,3,4
2017273,2,6,7
2017274,9,4,4
2017275,8,9,8
2017276,8,8,7
2017277,5,5,7
2017278,9,0,2
2017279,4,5,3
2017280,6,5,8
2017281,6,0,9
2017282,5,6,8
2017283,3,5,5
2017284,1,3,1
2017285,4,3,4
2017286,5,1,2
2017287,2,8,5
2017288,3,0,0
2017289,2,3,6
2017290,2,8,5
2017291,7,6,5
2017292,7,1,5
2017293,6,6,9
2017294,7,5,7
2017295,7,2,3
2017296,9,5,9
2017297,4,6,2
2017298,2,1,8
2017299,9,2,1
2017300,0,5,0
2017301,3,9,1
2017302,2,4,1
2017303,4,9,7
2017304,1,0,9
2017305,4,2,0
2017306,8,1,7
2017307,5,1,7
2017308,7,1,0
2017309,8,7,9
2017310,1,3,6
2017311,9,7,9
2017312,1,1,4
2017313,2,3,2
2017314,3,0,0
2017315,7,9,1
2017316,7,2,3
2017317,7,7,1
2017318,8,5,6
2017319,1,0,5
2017320,5,4,3
2017321,1,8,8
2017322,4,1,9
2017323,2,8,0
2017324,6,3,7
2017325,4,0,6
2017326,4,9,0
2017327,3,5,1
2017328,0,3,0
2017329,9,1,3
2017330,4,3,0
2017331,7,8,2
2017332,8,0,4
2017333,4,4,2
2017334,9,0,5
2017335,7,0,5
2017336,7,7,5
2017337,4,4,4
2017338,9,0,1
2017339,8,5,3
2017340,7,1,4
2017341,1,6,2
2017342,9,6,0
2017343,8,6,1
2017344,6,9,8
2017345,1,7,3
2017346,8,6,1
2017347,6,6,6
2017348,3,1,1
2017349,5,3,7
2017350,7,2,6
2017351,1,0,9
2017352,8,5,5
2017353,0,9,4
2017354,2,9,4
2017355,0,3,1
2017356,6,4,7
2017357,6,6,5
2017358,6,1,2
2018001,3,2,6
2018002,9,2,8
2018003,7,3,6
2018004,3,9,3
2018005,8,2,8
2018006,7,2,0
2018007,0,2,1
2018008,5,8,3
2018009,8,1,3
2018010,8,5,8
2018011,0,7,8
2018012,8,9,1
2018013,7,4,6
2018014,0,8,4
2018015,8,7,5
2018016,4,0,1
2018017,6,5,9
2018018,8,1,0
2018019,1,7,9
2018020,7,4,9
2018021,2,7,2
2018022,9,9,2
2018023,1,0,2
2018024,6,6,4
2018025,6,4,7
2018026,9,3,2
2018027,9,7,3
2018028,8,2,8
2018029,3,1,3
2018030,6,8,2
2018031,3,2,8
2018032,7,1,2
2018033,7,6,7
2018034,6,7,6
2018035,8,5,6
2018036,3,6,5
2018037,6,9,5
2018038,8,5,9
2018039,7,0,6
2018040,6,8,4
2018041,6,5,1
2018042,1,3,1
2018043,5,2,7
2018044,9,0,2
2018045,2,0,3
2018046,3,4,7
2018047,5,5,8
2018048,6,9,3
2018049,5,4,1
2018050,8,7,5
2018051,6,2,0
2018052,3,6,9
2018053,1,5,4
2018054,3,2,5
2018055,1,6,0
2018056,9,0,8
2018057,9,7,7
2018058,7,2,3
2018059,9,4,7
2018060,7,6,7
2018061,5,2,5
2018062,7,9,2
2018063,6,1,3
2018064,3,3,9
2018065,8,4,8
2018066,0,9,5
2018067,8,5,8
2018068,4,4,8
2018069,1,1,9
2018070,5,6,7
2018071,7,7,9
2018072,4,7,3
2018073,2,7,5
2018074,8,1,5
2018075,8,6,1
2018076,7,8,5
2018077,2,4,6
2018078,6,1,6
2018079,3,6,9
2018080,8,7,9
2018081,7,5,8
2018082,5,4,9
2018083,2,6,6
2018084,5,1,9
2018085,9,0,3
2018086,1,8,6
2018087,5,1,3
2018088,0,9,9
2018089,6,6,8
2018090,6,7,1
2018091,1,0,2
2018092,2,3,1
2018093,2,0,9
2018094,1,3,6
2018095,2,4,1
2018096,2,4,3
2018097,0,3,8
2018098,6,6,5
2018099,9,1,9
2018100,2,7,0
2018101,3,4,5
2018102,5,7,3
2018103,2,2,2
2018104,7,1,7
2018105,8,4,7
2018106,3,3,6
2018107,6,6,3
2018108,6,9,2
2018109,2,1,8
2018110,9,4,0
2018111,7,2,0
2018112,9,5,5
2018113,6,1,5
2018114,4,4,1
2018115,9,9,9
2018116,0,0,3
2018117,0,4,3
2018118,9,3,0
2018119,9,7,8
2018120,4,9,8
2018121,7,6,1
2018122,1,8,1
2018123,9,0,6
2018124,6,8,9
2018125,8,3,2
2018126,3,6,1
2018127,0,2,0
2018128,0,3,3
2018129,3,5,6
2018130,2,4,5
2018131,2,9,7
2018132,9,6,6
2018133,6,9,1
2018134,6,1,7
2018135,6,9,8
2018136,6,4,3
2018137,5,3,7
2018138,0,6,8
2018139,4,4,7
2018140,1,3,3
2018141,5,3,6
2018142,9,3,7
2018143,4,5,4
2018144,0,9,1
2018145,3,8,6
2018146,5,6,9
2018147,6,3,6
2018148,0,8,7
2018149,9,2,3
2018150,3,3,5
2018151,5,1,4
2018152,2,5,8
2018153,3,2,9
2018154,6,6,9
2018155,2,8,9
2018156,3,2,4
2018157,0,2,2
2018158,3,6,3
2018159,3,4,0
2018160,4,7,7
2018161,7,9,4
2018162,1,3,7
2018163,8,6,9
2018164,1,5,7
2018165,9,0,2
2018166,9,4,1
2018167,4,8,9
2018168,1,7,4
2018169,5,3,0
2018170,1,1,7
2018171,8,1,9
2018172,5,1,3
2018173,4,6,3
2018174,8,8,6
2018175,3,3,8
2018176,2,3,5
2018177,1,0,2
2018178,3,3,6
2018179,7,2,4
2018180,7,6,1
2018181,4,9,8
2018182,3,2,9
2018183,3,5,9
2018184,4,7,3
2018185,5,7,0
2018186,1,4,1
2018187,8,0,7
2018188,0,4,8
2018189,7,6,0
2018190,5,5,6
2018191,5,0,3
2018192,8,9,3
2018193,0,6,1
2018194,3,7,5
2018195,7,3,6
2018196,0,0,5
2018197,1,5,0
2018198,3,7,9
2018199,5,1,0
2018200,3,5,0
2018201,6,1,5
2018202,6,1,4
2018203,0,4,5
2018204,0,4,2
2018205,4,1,8
2018206,6,2,6
2018207,7,5,6
2018208,4,5,2
2018209,9,5,0
2018210,8,2,9
2018211,6,2,8
2018212,5,7,8
2018213,2,0,3
2018214,8,8,1
2018215,4,2,5
2018216,8,2,1
2018217,5,8,7
2018218,6,9,7
2018219,3,9,1
2018220,6,4,8
2018221,0,1,4
2018222,1,7,3
2018223,4,9,9
2018224,0,3,0
2018225,1,6,0
2018226,9,6,7
2018227,9,7,7
2018228,4,7,0
2018229,5,5,6
2018230,7,5,0
2018231,6,2,9
2018232,7,1,5
2018233,5,7,9
2018234,9,5,3
2018235,8,2,8
2018236,6,4,2
2018237,6,3,1
2018238,7,2,0
2018239,7,4,9
2018240,5,0,6
2018241,2,1,5
2018242,6,2,3
2018243,6,3,9
2018244,3,6,4
2018245,3,5,1
2018246,6,0,3
2018247,6,2,6
2018248,2,5,1
2018249,6,3,6
2018250,5,5,1
2018251,9,8,3
2018252,0,6,7
2018253,0,9,8
2018254,6,5,7
2018255,2,8,9
2018256,0,8,7
2018257,0,9,4
2018258,3,0,0
2018259,0,1,0
2018260,4,7,4
2018261,8,0,9
2018262,5,3,2
2018263,8,1,3
2018264,0,0,4
2018265,6,4,8
2018266,6,2,1
2018267,0,0,1
2018268,7,2,8
2018269,6,5,9
2018270,3,4,9
2018271,5,3,6
2018272,0,8,5
2018273,4,5,7
2018274,5,5,7
2018275,2,6,4
2018276,2,6,1
2018277,7,0,9
2018278,5,6,3
2018279,3,7,5
2018280,6,6,9
2018281,9,4,7
2018282,6,1,7
2018283,5,5,8
2018284,6,3,4
2018285,9,8,2
2018286,6,9,1
2018287,3,8,7
2018288,3,4,4
2018289,9,5,4
2018290,0,3,6
2018291,9,3,5
2018292,9,2,2
2018293,8,9,5
2018294,5,3,7
2018295,5,1,3
2018296,8,8,1
2018297,2,8,9
2018298,1,1,1
2018299,3,3,1
2018300,7,7,7
2018301,9,2,6
2018302,8,8,3
2018303,8,1,0
2018304,3,4,0
2018305,8,4,5
2018306,3,1,6
2018307,8,3,7
2018308,6,8,2
2018309,3,8,0
2018310,3,4,7
2018311,0,8,1
2018312,2,5,6
2018313,2,8,9
2018314,7,8,7
2018315,0,8,8
2018316,7,0,8
2018317,2,0,3
2018318,8,7,0
2018319,2,1,6
2018320,5,6,5
2018321,8,3,7
2018322,1,3,0
2018323,9,2,4
2018324,3,1,9
2018325,0,6,1
2018326,4,5,4
2018327,4,3,2
2018328,4,8,1
2018329,1,6,5
2018330,1,7,1
2018331,1,0,8
2018332,3,8,8
2018333,2,8,8
2018334,3,4,9
2018335,4,0,7
2018336,9,0,6
2018337,7,3,1
2018338,1,7,8
2018339,7,7,4
2018340,7,9,8
2018341,7,9,9
2018342,4,9,7
2018343,0,5,2
2018344,3,9,7
2018345,6,9,2
2018346,1,8,6
2018347,5,1,3
2018348,4,6,9
2018349,8,2,1
2018350,3,2,2
2018351,1,5,6
2018352,5,4,2
2018353,5,8,9
2018354,6,0,9
2018355,7,8,7
2018356,6,1,1
2018357,1,4,7
2018358,3,2,9
2019001,6,4,4
2019002,2,7,2
2019003,4,3,5
2019004,1,1,8
2019005,5,0,1
2019006,7,5,5
2019007,3,7,0
2019008,5,8,7
2019009,7,4,6
2019010,5,3,8
2019011,2,6,6
2019012,1,3,1
2019013,9,1,0
2019014,7,9,4
2019015,2,3,0
2019016,6,8,3
2019017,5,5,9
2019018,1,4,2
2019019,7,9,7
2019020,4,2,8
2019021,0,8,8
2019022,1,7,3
2019023,7,6,7
2019024,6,3,7
2019025,2,3,7
2019026,5,9,4
2019027,3,0,1
2019028,7,4,1
2019029,5,4,6
2019030,2,8,0
2019031,7,9,3
2019032,1,6,1
2019033,2,0,7
2019034,6,6,7
2019035,8,8,8
2019036,4,3,4
2019037,7,5,6
2019038,9,8,8
2019039,7,5,4
2019040,7,5,4
2019041,4,2,8
2019042,5,7,9
2019043,0,9,6
2019044,0,2,0
2019045,3,5,7
2019046,1,4,5
2019047,9,2,3
2019048,3,2,6
2019049,8,0,1
2019050,9,4,8
2019051,0,1,3
2019052,5,2,7
2019053,1,3,6
2019054,8,4,9
2019055,1,2,8
2019056,6,3,9
2019057,7,6,0
2019058,0,2,0
2019059,1,4,0
2019060,4,1,1
2019061,0,9,4
2019062,4,0,8
2019063,9,7,1
2019064,5,8,7
2019065,0,3,2
2019066,3,0,8
2019067,4,8,8
2019068,4,4,1
2019069,8,7,6
2019070,7,9,8
2019071,0,0,6
2019072,5,2,1
2019073,3,3,0
2019074,2,6,5
2019075,0,1,2
2019076,0,0,5
2019077,9,7,2
2019078,0,4,6
2019079,5,3,9
2019080,3,4,1
2019081,4,3,1
2019082,8,7,1
2019083,9,8,2
2019084,9,7,8
2019085,5,0,5
2019086,2,8,3
2019087,1,7,4
2019088,9,3,6
2019089,4,5,0
2019090,7,8,9
2019091,5,2,6
2019092,6,3,0
2019093,2,5,8
2019094,8,9,1
2019095,9,3,5
2019096,0,6,6
2019097,2,4,3
2019098,0,8,7
2019099,7,3,8
2019100,4,8,7
2019101,5,5,9
2019102,5,5,9
2019103,7,5,0
2019104,5,9,3
2019105,3,8,2
2019106,0,4,0
2019107,1,7,7
2019108,5,1,5
2019109,1,3,6
2019110,6,1,2
2019111,7,1,6
2019112,9,2,2
2019113,2,3,8
2019114,5,5,8
2019115,4,6,6
2019116,0,4,7
2019117,2,9,6
2019118,4,1,8
2019119,2,4,9
2019120,9,0,0
2019121,6,0,8
2019122,8,6,5
2019123,1,5,7
2019124,2,1,1
2019125,0,8,1
2019126,4,7,0
2019127,7,5,8
2019128,9,8,0
2019129,5,0,4
2019130,2,9,8
2019131,0,3,1
2019132,7,8,7
2019133,2,1,9
2019134,3,9,4
2019135,7,8,9
2019136,6,7,0
2019137,3,4,7
2019138,3,3,1
2019139,8,4,9
2019140,2,7,6
2019141,3,1,5
2019142,7,9,2
2019143,4,7,1
2019144,3,8,8
2019145,3,1,5
2019146,0,1,3
2019147,4,7,0
2019148,3,6,2
2019149,3,5,0
2019150,2,5,8
2019151,3,4,7
2019152,0,5,1
2019153,3,2,6
2019154,6,3,2
2019155,0,5,0
2019156,8,7,9
2019157,6,2,6
2019158,7,0,8
2019159,1,7,0
2019160,1,3,5
2019161,9,7,2
2019162,0,3,3
2019163,8,9,4
2019164,9,5,1
2019165,8,8,3
2019166,5,3,1
2019167,8,1,3
2019168,0,6,1
2019169,0,6,0
2019170,5,7,8
2019171,6,6,1
2019172,4,1,6
2019173,8,4,6
2019174,8,4,8
2019175,4,6,4
2019176,5,0,1
2019177,0,6,1
2019178,7,9,6
2019179,4,0,2
2019180,9,2,6
2019181,1,6,8
2019182,3,5,1
2019183,7,2,9
2019184,0,6,0
2019185,1,9,4
2019186,1,5,7
2019187,1,1,2
2019188,4,4,6
2019189,3,1,7
2019190,4,6,4
2019191,2,8,7
2019192,7,4,6
2019193,9,4,3
2019194,5,5,0
2019195,7,3,4
2019196,8,5,3
2019197,5,4,4
2019198,5,9,4
2019199,0,0,3
2019200,0,1,4
2019201,9,4,1
2019202,2,4,9
2019203,1,4,0
2019204,3,9,0
2019205,5,0,0
2019206,8,7,9
2019207,9,2,4
2019208,6,7,4
2019209,3,0,6
2019210,3,7,1
2019211,1,2,3
2019212,7,8,6
2019213,2,4,5
2019214,7,8,0
2019215,4,8,7
2019216,4,0,8
2019217,3,6,1
2019218,5,3,2
2019219,4,7,5
2019220,0,1,0
2019221,4,8,4
2019222,1,5,5
2019223,4,0,5
2019224,0,4,3
2019225,6,0,1
2019226,2,5,2
2019227,2,6,5
2019228,0,5,4
2019229,8,4,5
2019230,8,8,7
2019231,1,1,0
2019232,7,8,9
2019233,6,1,0
2019234,3,4,0
2019235,7,7,0
2019236,2,1,9
2019237,9,5,9
2019238,2,1,7
2019239,1,3,8
2019240,6,6,4
2019241,6,0,8
2019242,6,9,1
2019243,6,8,2
2019244,5,7,5
2019245,8,1,2
2019246,6,1,5
2019247,6,7,0
2019248,2,6,2
2019249,7,1,9
2019250,5,7,5
2019251,0,5,0
2019252,8,3,1
2019253,2,8,1
2019254,5,7,5
2019255,2,6,3
2019256,0,1,8
2019257,0,1,0
2019258,1,0,3
2019259,9,8,9
2019260,9,9,7
2019261,5,9,1
2019262,1,0,3
2019263,9,4,9
2019264,9,8,7
2019265,9,9,9
2019266,9,8,5
2019267,8,9,8
2019268,3,7,3
2019269,4,1,7
2019270,4,7,8
2019271,6,9,5
2019272,0,0,7
2019273,1,3,4
2019274,4,9,3
2019275,4,9,7
2019276,8,7,3
2019277,0,4,6
2019278,8,4,2
2019279,2,6,6
2019280,0,6,1
2019281,9,8,0
2019282,8,5,8
2019283,4,4,4
2019284,5,6,2
2019285,0,5,9
2019286,2,9,3
2019287,7,1,5
2019288,7,5,8
2019289,3,6,2
2019290,3,2,8
2019291,8,8,2
2019292,0,6,8
2019293,6,6,3
2019294,6,1,2
2019295,8,7,7
2019296,3,4,5
2019297,9,5,6
2019298,3,3,5
2019299,3,2,8
2019300,9,3,6
2019301,1,0,9
2019302,4,2,6
2019303,9,0,9
2019304,4,6,5
2019305,4,3,9
2019306,1,5,3
2019307,0,3,6
2019308,6,7,2
2019309,3,4,1
2019310,7,6,5
2019311,2,4,8
2019312,0,3,1
2019313,0,4,8
2019314,5,9,4
2019315,9,8,3
2019316,8,8,5
2019317,5,4,8
2019318,2,3,2
2019319,3,3,3
2019320,5,8,8
2019321,8,5,3
2019322,0,4,4
2019323,1,7,0
2019324,4,3,2
2019325,7,9,8
2019326,5,4,5
2019327,2,4,2
2019328,1,2,5
2019329,0,4,7
2019330,2,6,5
2019331,8,8,3
2019332,7,7,6
2019333,5,3,6
2019334,0,0,0
2019335,6,7,7
2019336,6,6,5
2019337,9,5,9
2019338,9,1,4
2019339,6,0,2
2019340,0,5,1
2019341,8,0,2
2019342,7,8,9
2019343,5,3,8
2019344,7,0,4
2019345,5,1,1
2019346,4,7,2
2019347,3,4,8
2019348,8,2,2
2019349,8,7,8
2019350,2,9,0
2019351,8,5,2
2020001,0,8,7
2020002,3,3,7
2020003,0,0,4
2020004,8,0,7
2020005,8,0,4
2020006,2,9,6
2020007,4,9,6
2020008,6,0,2
2020009,5,7,4
2020010,3,8,9
2020011,3,9,7
2020012,7,0,5
2020013,4,4,7
2020014,1,3,7
2020015,5,8,6
2020016,2,5,1
2020017,4,3,4
2020018,6,2,3
2020019,0,4,9
2020020,2,9,6
2020021,9,0,1
2020022,4,8,5
2020023,5,1,1
2020024,8,2,7
2020025,1,4,3
2020026,8,8,5
2020027,2,3,1
2020028,2,6,5
2020029,0,4,2
2020030,0,3,7
2020031,8,1,8
2020032,7,9,4
2020033,1,1,6
2020034,5,3,1
2020035,7,7,6
2020036,7,4,0
2020037,6,8,3
2020038,3,9,2
2020039,4,7,2
2020040,9,0,0
2020041,8,7,9
2020042,0,3,4
2020043,5,6,7
2020044,2,2,7
2020045,2,3,4
2020046,8,2,2
2020047,8,7,4
2020048,9,9,7
2020049,2,9,7
2020050,3,1,4
2020051,2,2,1
2020052,5,0,3
2020053,4,3,0
2020054,9,7,8
2020055,4,6,8
2020056,4,6,2
2020057,8,8,0
2020058,9,0,2
2020059,9,4,8
2020060,8,2,8
2020061,5,3,5
2020062,9,0,2
2020063,6,6,3
2020064,8,5,3
2020065,2,9,4
2020066,2,1,9
2020067,9,4,2
2020068,1,5,3
2020069,2,6,0
2020070,8,3,5
2020071,0,5,9
2020072,9,2,1
2020073,6,8,5
2020074,0,7,9
2020075,2,7,6
2020076,0,8,2
2020077,0,2,0
2020078,5,9,7
2020079,5,7,0
2020080,6,6,2
2020081,1,4,8
2020082,1,9,1
2020083,4,4,0
2020084,6,1,2
2020085,3,3,6
2020086,5,1,6
2020087,1,1,4
2020088,7,4,6
2020089,5,7,7
2020090,5,7,5
2020091,0,8,8
2020092,4,9,7
2020093,1,2,4
2020094,9,1,1
2020095,7,4,0
2020096,6,6,6
2020097,8,4,0
2020098,2,9,2
2020099,6,8,1
2020100,6,6,8
2020101,2,9,8
2020102,7,8,6
2020103,8,7,2
2020104,3,9,7
2020105,1,9,8
2020106,9,6,4
2020107,8,5,6
2020108,1,5,5
2020109,8,1,8
2020110,4,5,0
2020111,2,2,0
2020112,5,0,3
2020113,5,2,4
2020114,7,3,7
2020115,0,3,6
2020116,0,0,8
2020117,7,2,1
2020118,2,9,7
2020119,1,2,5
2020120,1,0,9
2020121,8,7,0
2020122,3,8,4
2020123,0,1,5
2020124,1,8,5
2020125,7,4,9
2020126,9,1,5
2020127,8,8,5
2020128,8,6,8
2020129,3,6,0
2020130,4,5,5
2020131,0,5,3
2020132,6,4,9
2020133,2,7,6
2020134,8,8,4
2020135,5,6,9
2020136,7,4,6
2020137,9,9,4
2020138,0,2,0
2020139,9,5,0
2020140,4,8,1
2020141,8,0,5
2020142,8,9,9
2020143,0,8,6
2020144,8,6,9
2020145,1,0,9
2020146,5,3,5
2020147,0,8,6
2020148,9,8,1
2020149,3,9,1
2020150,6,1,2
2020151,7,8,8
2020152,7,0,4
2020153,9,1,6
2020154,8,8,6
2020155,9,9,3
2020156,1,1,2
2020157,2,0,0
2020158,3,2,0
2020159,9,1,5
2020160,5,9,3
2020161,6,8,8
2020162,8,1,0
2020163,8,0,4
2020164,7,6,9
2020165,9,1,0
2020166,8,0,8
2020167,6,4,1
2020168,2,1,5
2020169,9,6,5
2020170,9,4,2
2020171,7,1,0
2020172,7,6,9
2020173,9,0,9
2020174,6,8,7
2020175,3,0,4
2020176,9,3,3
2020177,1,3,7
2020178,2,0,5
2020179,6,6,0
2020180,6,4,4
2020181,2,2,7
2020182,8,4,5
2020183,5,4,9
2020184,0,1,1
2020185,1,6,3
2020186,9,0,3
2020187,6,1,2
2020188,4,6,5
2020189,6,2,5
2020190,7,3,3
2020191,6,4,1
2020192,7,0,8
2020193,9,3,3
2020194,9,4,1
2020195,2,4,3
2020196,4,7,1
2020197,7,8,4
2020198,8,3,2
2020199,5,6,7
2020200,6,0,2
2020201,9,4,2
2020202,4,8,2
2020203,1,0,0
2020204,1,2,6
2020205,9,9,3
2020206,9,6,0
2020207,2,3,4
2020208,2,0,2
2020209,3,7,7
2020210,4,9,6
2020211,2,4,1
2020212,4,1,8
2020213,0,2,7
2020214,6,5,1
2020215,1,1,4
2020216,3,8,5
2020217,6,7,9
2020218,8,5,3
2020219,2,8,5
2020220,9,7,3
2020221,9,8,8
2020222,6,3,8
2020223,4,2,1
2020224,7,5,8
2020225,0,9,7
2020226,8,3,0
2020227,3,5,6
2020228,0,5,3
2020229,1,2,1
2020230,6,3,9
2020231,8,6,7
2020232,2,8,1
2020233,4,7,2
2020234,6,7,1
2020235,3,4,1
2020236,1,3,6
2020237,3,9,6
2020238,3,3,4
2020239,5,4,7
2020240,5,7,5
2020241,1,1,2
2020242,7,0,8
2020243,2,5,8
2020244,4,3,3
2020245,0,9,3
2020246,4,8,6
2020247,4,2,8
2020248,8,2,2
2020249,7,0,4
2020250,8,6,3
2020251,8,8,2
2020252,9,7,4
2020253,7,5,5
2020254,6,6,9
2020255,1,0,6
2020256,8,4,4
2020257,8,9,4
2020258,0,2,4
2020259,2,4,0
2020260,8,2,0
2020261,1,4,2
2020262,7,0,6
2020263,0,0,7
2020264,4,7,1
2020265,7,4,6
2020266,8,2,7
2020267,5,8,5
2020268,0,8,7
2020269,3,9,1
2020270,3,6,9
2020271,5,5,0
2020272,6,4,7
2020273,0,6,8
2020274,8,9,1
2020275,0,7,7
2020276,7,2,7
2020277,1,0,2
2020278,0,2,1
2020279,2,3,3
2020280,2,0,0
2020281,1,1,4
2020282,5,1,1
2020283,9,8,4
2020284,5,0,2
2020285,8,7,5
2020286,6,2,8
2020287,4,6,2
2020288,9,5,6
2020289,0,8,6
2020290,4,1,8
2020291,7,5,3
2020292,9,4,1
2020293,5,6,6
2020294,4,6,0
2020295,7,0,2
2020296,8,9,8
2020297,0,4,2
2020298,6,2,4
2020299,9,6,4
2020300,2,9,9
2020301,4,7,1
2020302,3,9,7
2020303,4,6,3
2020304,6,5,8
2020305,5,0,6
2020306,1,0,8
2020307,7,8,9
2020308,1,1,5
2020309,5,3,6
2020310,6,1,1
2020311,5,7,4
2020312,3,4,4
2020313,5,3,8
2021001,1,7,7
2021002,6,6,7
2021003,1,1,3
2021004,9,8,1
2021005,8,3,9
2021006,7,3,3
2021007,2,9,0
2021008,3,8,2
2021009,6,2,6
2021010,2,3,3
2021011,0,2,6
2021012,9,0,6
2021013,2,4,4
2021014,2,4,8
2021015,6,9,7
2021016,6,1,5
2021017,7,8,0
2021018,1,2,5
2021019,8,1,5
2021020,7,9,9
2021021,4,0,1
2021022,9,4,9
2021023,1,3,1
2021024,0,3,0
2021025,2,8,0
2021026,2,6,4
2021027,4,7,2
2021028,3,8,1
2021029,1,5,0
2021030,6,9,4
2021031,0,1,9
2021032,0,7,2
2021033,8,5,2
2021034,7,9,6
2021035,0,2,1
2021036,0,1,1
2021037,0,7,0
2021038,6,8,5
2021039,7,4,6
2021040,7,2,9
2021041,3,6,1
2021042,0,6,1
2021043,9,3,6
2021044,3,2,3
2021045,4,5,4
2021046,7,9,1
2021047,6,8,3
2021048,4,0,0
2021049,7,4,7
2021050,1,9,3
2021051,9,6,0
2021052,3,2,9
2021053,8,6,9
2021054,4,3,7
2021055,2,4,5
2021056,9,8,5
2021057,5,6,5
2021058,7,8,4
2021059,5,8,1
2021060,8,5,7
2021061,3,0,5
2021062,1,3,0
2021063,8,1,1
2021064,4,9,1
2021065,8,0,5
2021066,7,6,1
2021067,6,0,8
2021068,6,5,8
2021069,7,7,2
2021070,3,7,6
2021071,9,1,4
2021072,4,0,0
2021073,6,7,8
2021074,2,3,7
2021075,7,5,7
2021076,9,5,4
2021077,8,5,3
2021078,0,7,9
2021079,1,6,7
2021080,1,2,8
2021081,3,4,0
2021082,0,6,7
2021083,1,3,1
2021084,7,6,6
2021085,2,3,5
2021086,4,3,2
2021087,9,0,2
2021088,1,4,4
2021089,3,8,3
2021090,1,3,7
2021091,0,4,5
2021092,7,0,5
2021093,3,3,3
2021094,6,9,9
2021095,9,8,9
2021096,2,4,4
2021097,1,6,8
2021098,0,1,4
2021099,0,9,8
2021100,8,7,7
2021101,1,4,5
2021102,0,1,9
2021103,5,1,2
2021104,3,8,5
2021105,5,8,9
2021106,8,7,2
2021107,7,8,2
2021108,0,5,3
2021109,1,8,3
2021110,3,1,2
2021111,2,7,1
2021112,3,4,9
2021113,0,1,2
2021114,5,7,7
2021115,2,3,1
2021116,1,6,1
2021117,0,7,9
2021118,5,5,0
2021119,8,5,9
2021120,4,5,0
2021121,8,0,1
2021122,4,0,1
2021123,7,4,8
2021124,4,0,7
2021125,9,4,2
2021126,6,4,1
2021127,6,0,6
2021128,1,7,3
2021129,8,1,6
2021130,1,9,8
2021131,0,5,5
2021132,6,8,8
2021133,1,6,0
2021134,4,5,6
2021135,0,8,1
2021136,8,8,8
2021137,0,7,0
2021138,9,5,4
2021139,8,0,0
2021140,3,9,5
2021141,0,7,0
2021142,9,6,7
2021143,2,3,2
2021144,2,5,8
2021145,1,7,6
2021146,8,5,8
2021147,1,9,8
2021148,9,4,5
2021149,9,7,2
2021150,8,6,2
2021151,1,6,1
2021152,7,1,2
2021153,4,1,1
2021154,0,4,3
2021155,0,8,9
2021156,4,3,3
2021157,8,0,7
2021158,3,0,7
2021159,7,2,3
2021160,8,9,5
2021161,2,9,9
2021162,8,8,7
2021163,6,6,5
2021164,1,2,5
2021165,8,3,7
2021166,8,7,3
2021167,1,2,6
2021168,6,4,5
2021169,0,4,2
2021170,1,8,4
2021171,3,6,6
2021172,2,7,6
2021173,0,2,3
2021174,6,7,6
2021175,1,3,2
2021176,2,1,3
2021177,6,9,3
2021178,7,1,6
2021179,9,9,4
2021180,1,4,4
2021181,3,7,1
2021182,4,7,2
2021183,5,4,6
2021184,4,9,7
2021185,9,3,8
2021186,2,7,1
2021187,7,4,0
2021188,4,5,0
2021189,3,8,0
2021190,0,3,6
2021191,8,7,1
2021192,6,4,7
2021193,0,6,6
2021194,4,4,7
2021195,7,5,2
2021196,4,0,7
2021197,0,5,3
2021198,1,2,1
2021199,1,3,1
2021200,2,5,8
2021201,8,7,2
2021202,6,0,1
2021203,9,2,0
2021204,9,4,5
2021205,8,1,3
2021206,4,5,2
2021207,1,4,4
2021208,2,8,3
2021209,3,9,6
2021210,7,9,7
2021211,2,7,6
2021212,2,5,8
2021213,9,5,0
2021214,1,4,4
2021215,1,8,9
2021216,7,6,5
2021217,2,1,6
2021218,7,3,0
2021219,9,2,1
2021220,0,2,3
2021221,9,2,9
2021222,3,7,2
2021223,1,8,4
2021224,0,1,0
2021225,4,9,8
2021226,4,8,6
2021227,4,9,0
2021228,0,4,5
2021229,7,0,8
2021230,7,6,4
2021231,0,2,6
2021232,4,3,7
2021233,9,0,4
2021234,5,6,1
2021235,2,5,4
2021236,6,8,6
2021237,7,2,4
2021238,1,9,4
2021239,9,3,0
2021240,3,1,1
2021241,2,6,2
2021242,5,6,4
2021243,3,2,7
2021244,4,1,7
2021245,4,4,7
2021246,0,9,1
2021247,1,2,1
2021248,0,5,0
2021249,4,4,8
2021250,8,7,2
2021251,1,3,3
2021252,2,1,0
2021253,2,0,3
2021254,1,6,0
2021255,1,6,7
2021256,9,0,4
2021257,8,1,9
2021258,9,4,6
2021259,9,3,0
2021260,7,2,0
2021261,2,9,3
2021262,5,4,8
2021263,1,9,4
2021264,8,7,2
2021265,7,0,0
2021266,0,7,3
2021267,1,7,5
2021268,1,2,8
2021269,2,7,5
2021270,6,0,3
2021271,8,4,3
2021272,9,8,5
2021273,1,9,7
2021274,9,8,7
2021275,2,5,8
2021276,7,1,9
2021277,4,5,3
2021278,5,9,8
2021279,9,1,5
2021280,2,7,6
2021281,2,3,5
2021282,5,0,6
2021283,5,9,9
2021284,6,1,0
2021285,4,4,7
2021286,0,8,0
2021287,4,5,3
2021288,3,3,0
2021289,8,3,0
2021290,6,5,8
2021291,7,9,5
2021292,9,5,4
2021293,3,5,6
2021294,5,4,2
2021295,2,5,1
2021296,5,8,4
2021297,8,9,3
2021298,2,8,5
2021299,5,8,0
2021300,5,7,6
2021301,5,2,1
2021302,4,3,2
2021303,6,3,2
2021304,6,0,9
2021305,2,0,7
2021306,7,7,4
2021307,4,8,6
2021308,1,8,0
2021309,7,2,2
2021310,4,5,6
2021311,9,5,8
2021312,6,9,8
2021313,9,3,8
2021314,0,2,0
2021315,7,5,5
2021316,5,1,6
2021317,1,4,3
2021318,4,8,9
2021319,8,8,6
2021320,3,6,9
2021321,3,9,7
2021322,5,0,0
2021323,7,5,4
2021324,8,8,6
2021325,5,1,5
2021326,9,7,0
2021327,9,3,5
2021328,3,0,0
2021329,2,8,6
2021330,7,4,4
2021331,1,2,2
2021332,5,0,0
2021333,4,9,4
2021334,6,9,2
2021335,4,9,3
2021336,6,5,0
2021337,8,8,9
2021338,4,9,0
2021339,2,6,7
2021340,2,8,7
2021341,6,0,6
2021342,3,1,2
2021343,7,9,3
2021344,6,1,1
2021345,9,3,5
2021346,2,6,6
2021347,5,9,4
2021348,1,8,4
2021349,1,0,6
2021350,0,3,8
2021351,7,4,7
2022001,3,4,9
2022002,9,2,7
2022003,0,1,0
2022004,7,3,9
2022005,2,4,0
2022006,8,8,7
2022007,9,2,1
2022008,4,9,8
2022009,6,0,1
2022010,9,8,2
2022011,3,7,9
2022012,9,5,2
2022013,5,2,8
2022014,4,6,2
2022015,7,8,6
2022016,2,8,5
2022017,3,4,8
2022018,7,5,5
2022019,2,4,4
2022020,8,1,6
2022021,1,9,2
2022022,7,4,3
2022023,8,7,4
2022024,4,7,2
2022025,5,7,9
2022026,1,4,1
2022027,8,7,7
2022028,0,8,6
2022029,5,7,8
2022030,5,6,1
2022031,6,6,4
2022032,5,0,0
2022033,7,4,4
2022034,6,8,9
2022035,0,5,9
2022036,6,4,1
2022037,5,3,6
2022038,0,8,3
2022039,7,8,7
2022040,9,7,7
2022041,1,8,4
2022042,7,0,2
2022043,4,0,4
2022044,1,6,9
2022045,8,2,2
2022046,8,7,5
2022047,8,8,2
2022048,2,2,5
2022049,0,2,6
2022050,9,8,2
2022051,5,7,3
2022052,0,5,3
2022053,7,6,4
2022054,5,8,5
2022055,7,9,4
2022056,0,9,2
2022057,5,4,6
2022058,2,1,8
2022059,7,2,7
2022060,5,4,3
2022061,8,9,5
2022062,8,1,2
2022063,9,9,1
2022064,3,5,4
2022065,2,5,4
2022066,9,6,8
2022067,9,9,8
2022068,5,6,9
2022069,7,3,0
2022070,6,1,8
2022071,9,3,5
2022072,7,8,3
2022073,0,1,4
2022074,7,5,9
2022075,6,6,0
2022076,0,9,1
2022077,9,8,6
2022078,3,9,8
2022079,2,1,0
2022080,7,2,3
2022081,8,3,8
2022082,5,0,5
2022083,4,6,5
2022084,7,9,7
2022085,6,5,4
2022086,2,0,4
2022087,0,6,9
2022088,2,6,1
2022089,7,1,3
2022090,7,2,2
2022091,3,6,7
2022092,7,5,2
2022093,6,3,3
2022094,1,9,8
2022095,5,1,9
2022096,8,1,0
2022097,3,0,4
2022098,4,6,5
2022099,3,9,3
2022100,6,6,6
2022101,7,3,1
2022102,8,5,1
2022103,9,5,8
2022104,6,9,0
2022105,4,4,0
2022106,5,0,7
2022107,1,5,0
2022108,5,1,2
2022109,8,6,5
2022110,0,4,0
2022111,3,3,4
2022112,2,4,5
2022113,2,9,9
2022114,6,2,3
2022115,9,2,8
2022116,8,1,2
2022117,2,8,1
2022118,2,6,0
2022119,3,2,0
2022120,5,0,9
2022121,7,6,5
2022122,5,9,2
2022123,5,9,0
2022124,9,0,1
2022125,0,9,0
2022126,5,5,4
2022127,2,5,6
2022128,1,5,6
2022129,3,9,5
2022130,4,6,2
2022131,8,6,5
2022132,5,7,2
2022133,9,2,0
2022134,9,5,3
2022135,1,6,7
2022136,5,6,2
2022137,4,4,1
2022138,9,4,3
2022139,1,2,1
2022140,3,2,3
2022141,5,0,5
2022142,8,8,3
2022143,2,3,1
2022144,0,6,0
2022145,1,5,0
2022146,8,4,8
2022147,8,6,9
2022148,7,7,5
2022149,0,2,7
2022150,6,3,0
2022151,4,4,3
2022152,5,7,7
2022153,8,0,8
2022154,2,3,4
2022155,5,3,6
2022156,2,4,7
2022157,4,2,9
2022158,9,5,8
2022159,0,2,1
2022160,9,4,9
2022161,7,7,2
2022162,8,6,4
2022163,5,3,2
2022164,1,0,5
2022165,7,0,8
2022166,4,8,7
2022167,7,8,3
2022168,2,0,3
2022169,7,1,9
2022170,6,3,5
2022171,3,4,1
2022172,3,2,4
2022173,5,5,7
2022174,7,3,2
2022175,7,3,7
2022176,7,4,7
2022177,6,0,2
2022178,3,8,7
2022179,6,9,9
2022180,5,0,3
2022181,8,7,2
2022182,3,5,1
2022183,5,1,5
2022184,4,8,5
2022185,8,5,1
2022186,6,8,5
2022187,5,0,2
2022188,6,7,7
2022189,6,1,9
2022190,1,8,1
2022191,1,4,1
2022192,0,8,3
2022193,7,2,9
2022194,6,8,9
2022195,6,6,0
2022196,6,0,3
2022197,5,6,5
2022198,6,1,1
2022199,5,0,8
2022200,7,9,7
2022201,5,7,8
2022202,6,5,2
2022203,1,5,1
2022204,5,2,5
2022205,9,3,6
2022206,2,9,0
2022207,0,9,7
2022208,4,0,8
2022209,1,6,7
2022210,3,9,2
2022211,1,3,1
2022212,5,6,0
2022213,7,5,3
2022214,2,8,2
2022215,1,4,6
2022216,7,6,5
2022217,0,6,9
2022218,1,1,7
2022219,7,9,2
2022220,0,0,6
2022221,7,3,3
2022222,8,9,3
2022223,2,3,0
2022224,0,0,8
2022225,4,1,0
2022226,4,2,6
2022227,6,5,4
2022228,6,4,0
2022229,9,6,0
2022230,6,6,0
2022231,4,4,4
2022232,9,7,5
2022233,9,7,3
2022234,1,8,8
2022235,6,2,5
2022236,3,3,6
2022237,6,9,1
2022238,1,3,1
2022239,1,0,9
2022240,0,5,5
2022241,7,2,4
2022242,3,2,7
2022243,6,3,8
2022244,4,9,2
2022245,0,6,0
2022246,2,2,2
2022247,3,3,8
2022248,1,9,7
2022249,2,8,5
2022250,0,4,1
2022251,8,8,3
2022252,9,8,6
2022253,3,2,7
2022254,3,5,6
2022255,0,9,9
2022256,0,7,0
2022257,0,9,2
2022258,4,4,4
2022259,6,9,6
2022260,2,8,0
2022261,8,3,8
2022262,7,6,4
2022263,2,8,9
2022264,5,3,3
2022265,9,0,9
2022266,4,1,0
2022267,7,3,8
2022268,0,3,7
2022269,6,4,3
2022270,8,8,9
2022271,5,0,0
2022272,5,3,1
2022273,9,1,1
2022274,8,6,7
2022275,0,2,0
2022276,3,0,9
2022277,0,0,8
2022278,1,2,8
2022279,5,1,4
2022280,1,3,9
2022281,6,2,2
2022282,5,7,8
2022283,1,3,9
2022284,2,3,0
2022285,2,2,9
2022286,4,5,2
2022287,5,1,2
2022288,3,5,8
2022289,1,5,7
2022290,2,9,9
2022291,8,7,0
2022292,4,2,8
2022293,0,7,2
2022294,6,2,8
2022295,1,8,4
2022296,3,0,5
2022297,3,1,5
2022298,7,7,7
2022299,4,1,1
2022300,2,9,2
2022301,1,8,2
2022302,7,5,4
2022303,3,1,9
2022304,7,6,7
2022305,3,1,5
2022306,1,8,8
2022307,7,6,2
2022308,0,8,7
2022309,2,2,0
2022310,9,1,1
2022311,9,2,3
2022312,5,2,7
2022313,9,4,2
2022314,7,1,4
2022315,8,9,4
2022316,7,4,2
2022317,7,7,5
2022318,3,7,0
2022319,2,2,1
2022320,4,0,9
2022321,3,0,4
2022322,9,0,0
2022323,3,3,1
2022324,4,0,8
2022325,8,5,3
2022326,9,5,4
2022327,3,5,8
2022328,9,3,0
2022329,4,7,7
2022330,0,7,0
2022331,7,4,6
2022332,4,1,7
2022333,6,6,3
2022334,5,0,5
2022335,2,5,9
2022336,2,9,8
2022337,0,9,9
2022338,7,2,0
2022339,0,4,2
2022340,0,4,2
2022341,8,4,1
2022342,5,7,1
2022343,5,8,0
2022344,6,4,8
2022345,5,0,3
2022346,9,0,3
2022347,3,5,7
2022348,1,5,8
2022349,5,6,2
2022350,6,8,8
2022351,2,4,9
2023001,4,3,2
2023002,8,5,0
2023003,5,9,6
2023004,3,9,8
2023005,6,0,9
2023006,7,1,5
2023007,8,1,7
2023008,7,0,8
2023009,7,8,3
2023010,2,0,6
2023011,6,6,6
2023012,6,4,8
2023013,8,8,7
2023014,3,2,2
2023015,5,3,2
2023016,6,6,4
2023017,0,5,3
2023018,1,2,1
2023019,8,7,4
2023020,8,4,5
2023021,0,2,5
2023022,4,4,6
2023023,5,2,7
2023024,4,9,5
2023025,8,5,6
2023026,5,1,4
2023027,3,3,4
2023028,0,4,3
2023029,9,2,3
2023030,7,5,2
2023031,3,7,2
2023032,1,3,9
2023033,5,1,9
2023034,8,4,2
2023035,1,0,4
2023036,3,8,0
2023037,6,3,8
2023038,8,4,5
2023039,9,1,9
2023040,4,1,3
2023041,1,3,3
2023042,7,2,8
2023043,9,1,8
2023044,8,1,1
2023045,7,0,0
2023046,1,0,3
2023047,1,5,9
2023048,3,0,6
2023049,7,3,5
2023050,6,0,2
2023051,0,6,6
2023052,1,5,0
2023053,3,1,0
2023054,1,1,7
2023055,8,7,3
2023056,1,5,6
2023057,9,7,3
2023058,7,6,7
2023059,0,5,9
2023060,0,8,6
2023061,2,3,5
2023062,7,3,2
2023063,0,1,0
2023064,2,1,7
2023065,5,7,3
2023066,1,9,8
2023067,0,9,0
2023068,7,9,9
2023069,0,7,4
2023070,9,8,1
2023071,2,9,5
2023072,4,9,6
2023073,5,1,4
2023074,1,8,4
2023075,9,2,0
2023076,8,8,6
2023077,4,5,0
2023078,8,5,6
2023079,8,9,2
2023080,8,8,4
2023081,9,8,2
2023082,0,5,7
2023083,8,7,0
2023084,8,3,8
2023085,5,6,8
2023086,1,4,3
2023087,2,1,3
2023088,7,8,3
2023089,1,3,4
2023090,2,7,4
2023091,7,9,4
2023092,8,8,8
2023093,3,7,9
2023094,5,0,3
2023095,0,6,3
2023096,5,7,5
2023097,8,7,5
2023098,1,1,7
2023099,1,2,4
2023100,3,9,3
2023101,6,5,4
2023102,4,1,1
2023103,4,0,8
2023104,3,9,8
2023105,8,8,4
2023106,6,0,2
2023107,0,6,5
2023108,2,5,3
2023109,9,0,4
2023110,9,0,5
2023111,6,8,7
2023112,0,6,9
2023113,5,8,6
2023114,1,7,6
2023115,7,1,6
2023116,6,1,9
2023117,4,0,1
2023118,7,3,7
2023119,1,1,2
2023120,8,7,1
2023121,2,9,3
2023122,4,1,2
2023123,8,0,4
2023124,2,3,6
2023125,0,0,7
2023126,4,9,6
2023127,7,1,0
2023128,5,0,7
2023129,1,8,5
2023130,1,5,1
2023131,2,1,0
2023132,2,7,5
2023133,3,7,1
2023134,4,6,3
2023135,5,0,5
2023136,5,7,5
2023137,6,6,6
2023138,9,4,5
2023139,9,8,1
2023140,7,5,7
2023141,1,9,3
2023142,7,1,1
2023143,4,9,5
2023144,5,6,3
2023145,2,0,6
2023146,9,4,2
2023147,9,7,0
2023148,9,5,9
2023149,9,2,2
2023150,2,4,7
2023151,3,3,9
2023152,1,6,5
2023153,0,6,5
2023154,6,0,2
2023155,2,8,5
2023156,6,8,9
2023157,0,2,9
2023158,7,5,0
2023159,8,0,2
2023160,4,2,2
2023161,3,1,4
2023162,0,2,2
2023163,1,2,4
2023164,8,9,1
2023165,3,3,7
2023166,5,5,7
2023167,2,1,6
2023168,0,5,7
2023169,1,8,2
2023170,4,2,7
2023171,7,5,1
2023172,2,4,5
2023173,7,3,0
2023174,6,6,5
2023175,1,9,0
2023176,8,8,8
2023177,1,1,9
2023178,0,3,0
2023179,7,3,7
2023180,9,3,2
2023181,5,6,7
2023182,7,0,2
2023183,0,6,6
2023184,7,3,0
2023185,6,6,7
2023186,1,4,5
2023187,5,1,3
2023188,2,8,0
2023189,3,2,7
2023190,9,0,5
2023191,7,6,8
2023192,2,1,2
2023193,1,8,1
2023194,1,6,8
2023195,3,0,3
2023196,9,8,5
2023197,5,8,6
2023198,4,9,8
2023199,8,5,0
2023200,3,1,4
2023201,1,7,2
2023202,6,4,8
2023203,3,4,6
2023204,1,3,3
2023205,1,7,1
2023206,2,2,2
2023207,2,4,2
2023208,6,9,2
2023209,7,9,6
2023210,6,8,1
2023211,6,1,2
2023212,4,4,4
2023213,7,3,2
2023214,5,2,2
2023215,3,0,8
2023216,1,8,7
2023217,8,1,1
2023218,0,7,1
2023219,3,4,8
2023220,5,8,7
2023221,5,0,3
2023222,2,6,5
2023223,3,0,9
2023224,4,4,7
2023225,7,9,8
2023226,1,8,2
2023227,2,0,6
2023228,9,8,5
2023229,1,4,2
2023230,7,8,7
2023231,0,4,9
2023232,1,3,3
2023233,9,2,8
2023234,1,0,9
2023235,4,8,0
2023236,6,8,0
2023237,0,9,6
2023238,4,5,5
2023239,7,3,1
2023240,2,3,2
2023241,4,9,5
2023242,4,8,6
2023243,8,4,8
2023244,3,7,7
2023245,7,6,8
2023246,7,7,9
2023247,5,6,9
2023248,0,4,9
2023249,0,7,6
2023250,9,6,8
2023251,5,0,3
2023252,2,1,3
2023253,7,2,1
2023254,2,8,3
2023255,5,6,4
2023256,4,7,4
2023257,6,9,4
2023258,9,2,7
2023259,0,8,6
2023260,5,4,7
2023261,7,2,3
2023262,2,2,0
2023263,3,3,5
2023264,6,3,8
2023265,3,5,6
2023266,1,1,3
2023267,4,7,8
2023268,0,6,7
2023269,6,6,5
2023270,4,5,7
2023271,1,7,9
2023272,0,5,8
2023273,4,7,5
2023274,9,9,5
2023275,7,3,9
2023276,4,4,1
2023277,9,2,0
2023278,8,0,9
2023279,7,9,2
2023280,2,7,8
2023281,6,8,4
2023282,1,0,4
2023283,9,4,8
2023284,3,9,3
2023285,5,9,1
2023286,2,0,5
2023287,3,0,9
2023288,5,5,0
2023289,8,6,6
2023290,8,3,3
2023291,5,8,3
2023292,6,8,9
2023293,8,1,0
2023294,5,9,1
2023295,7,9,5
2023296,4,9,1
2023297,2,2,6
2023298,0,4,7
2023299,9,2,0
2023300,0,9,0
2023301,5,8,0
2023302,6,1,8
2023303,7,2,1
2023304,4,8,0
2023305,6,8,2
2023306,8,8,8
2023307,9,3,7
2023308,5,9,4
2023309,2,0,2
2023310,9,5,6
2023311,2,7,1
2023312,7,9,1
2023313,9,8,9
2023314,2,2,8
2023315,6,1,8
2023316,4,8,3
2023317,1,3,1
2023318,0,1,4
2023319,7,2,7
2023320,3,7,5
2023321,7,5,2
2023322,8,0,4
2023323,2,6,9
2023324,4,9,5
2023325,4,9,0
2023326,3,7,1
2023327,0,1,4
2023328,1,6,9
2023329,5,7,3
2023330,3,7,6
2023331,2,4,1
2023332,1,6,1
2023333,1,8,8
2023334,9,0,0
2023335,1,1,1
2023336,1,8,8
2023337,8,6,2
2023338,4,7,7
2023339,8,4,7
2023340,1,3,8
2023341,2,2,7
2023342,7,6,9
2023343,8,4,8
2023344,9,6,8
2023345,4,3,6
2023346,4,9,1
2023347,5,6,0
2023348,6,5,3
2023349,5,1,4
2023350,7,7,1
2023351,4,9,0
2024001,2,1,8
2024002,6,6,9
2024003,7,2,9
2024004,7,0,5
2024005,8,0,6
2024006,2,1,2
2024007,6,3,3
2024008,4,2,3
2024009,2,6,5
2024010,4,3,7
2024011,9,2,7
2024012,5,9,0
2024013,4,6,8
2024014,2,5,1
2024015,4,3,8
2024016,9,2,0
2024017,6,5,9
2024018,4,3,0
2024019,9,5,3
2024020,8,6,8
2024021,4,4,6
2024022,2,8,5
2024023,2,4,7
2024024,4,7,3
2024025,7,4,9
2024026,1,4,9
2024027,8,4,9
2024028,6,6,2
2024029,0,9,4
2024030,9,3,5
2024031,0,6,0
2024032,9,9,5
2024033,9,4,5
2024034,8,5,6
2024035,0,4,5
2024036,2,6,5
2024037,4,6,0
2024038,6,7,6
2024039,2,2,8
2024040,7,3,6
2024041,3,1,5
2024042,0,8,6
2024043,2,5,7
2024044,3,6,3
2024045,4,0,6
2024046,7,3,0
2024047,4,2,0
2024048,1,2,8
2024049,8,1,1
2024050,6,3,4
2024051,3,4,0
2024052,3,1,0
2024053,4,7,8
2024054,1,9,2
2024055,5,8,9
2024056,5,4,2
2024057,8,0,5
2024058,4,6,9
2024059,7,5,8
2024060,8,9,7
2024061,4,0,6
2024062,3,7,7
2024063,3,4,9
2024064,0,0,9
2024065,4,6,9
2024066,1,9,8
2024067,7,0,9
2024068,6,4,2
2024069,4,5,1
2024070,6,7,1
2024071,2,1,3
2024072,9,7,7
2024073,2,5,8
2024074,0,4,1
2024075,2,5,4
2024076,6,5,5
2024077,3,3,6
2024078,3,9,7
2024079,9,3,1
2024080,7,7,5
2024081,1,0,8
2024082,9,2,0
2024083,8,9,9
2024084,2,1,9
2024085,4,9,0
2024086,5,3,2
2024087,7,9,7
2024088,7,6,1
2024089,4,5,7
2024090,8,9,0
2024091,5,6,4
2024092,0,7,1
2024093,6,4,7
2024094,6,7,9
2024095,2,5,7
2024096,1,2,9
2024097,3,8,9
2024098,6,2,0
2024099,1,9,0
2024100,9,3,6
2024101,5,9,4
2024102,3,3,9
2024103,9,8,4
2024104,5,7,9
2024105,9,7,6
2024106,1,2,7
2024107,0,6,2
2024108,4,3,2
2024109,1,8,1
2024110,5,0,6
2024111,2,0,6
2024112,6,3,0
2024113,2,4,2
2024114,0,7,5
2024115,0,9,9
2024116,8,5,1
2024117,9,8,9
2024118,3,4,3
2024119,5,0,8
2024120,5,4,9
2024121,2,8,9
2024122,7,0,8
2024123,1,8,3
2024124,7,8,7
2024125,6,4,9
2024126,3,2,3
2024127,2,1,4
2024128,5,7,3
2024129,0,6,7
2024130,0,6,6
2024131,0,6,9
2024132,6,5,2
2024133,7,4,1
2024134,6,4,0
2024135,0,3,5
2024136,2,2,7
2024137,9,8,2
2024138,9,5,5
2024139,7,4,8
2024140,5,3,6
2024141,2,5,6
2024142,8,1,3
2024143,9,5,5
2024144,8,1,6
2024145,7,5,6
2024146,1,8,0
2024147,2,2,5
2024148,4,2,6
2024149,1,5,3
2024150,3,5,6
2024151,7,6,5
2024152,8,4,8
2024153,2,8,7
2024154,8,3,4
2024155,4,1,1
2024156,1,8,0
2024157,1,2,6
2024158,8,2,1
2024159,2,1,2
2024160,6,9,0
2024161,4,6,8
2024162,1,6,4
2024163,3,0,4
2024164,3,5,4
2024165,1,4,5
2024166,3,9,7
2024167,2,2,0
2024168,7,5,2
2024169,4,0,2
2024170,2,2,5
2024171,4,8,0
2024172,9,0,8
2024173,4,4,9
2024174,2,3,6
2024175,4,8,8
2024176,1,0,8
2024177,4,6,0
2024178,5,8,1
2024179,0,0,5
2024180,9,1,8
2024181,2,3,0
2024182,8,8,4
2024183,4,4,3
2024184,9,3,3
2024185,3,0,6
2024186,5,7,9
2024187,3,8,0
2024188,9,5,6
2024189,5,3,0
2024190,4,1,0
2024191,3,8,2
2024192,6,7,6
2024193,6,8,1
2024194,1,3,7
2024195,7,2,5
2024196,0,5,6
2024197,2,2,4
2024198,7,1,0
2024199,1,4,7
2024200,3,0,9
2024201,8,4,3
2024202,5,5,2
2024203,1,7,2
2024204,3,9,0
2024205,6,5,1
2024206,8,1,8
2024207,8,9,2
2024208,2,8,1
2024209,6,7,6
2024210,4,4,9
2024211,0,5,4
2024212,0,8,9
2024213,0,0,9
2024214,3,6,5
2024215,4,8,3
2024216,4,4,4
2024217,4,0,5
2024218,4,6,7
2024219,3,0,5
2024220,4,1,4
2024221,1,0,3
2024222,5,6,4
2024223,7,7,3
2024224,5,6,0
2024225,8,8,4
2024226,3,8,0
2024227,3,1,2
2024228,2,9,8
2024229,9,1,1
2024230,4,9,7
2024231,9,3,8
2024232,0,1,2
2024233,3,9,7
2024234,7,1,5
2024235,4,9,2
2024236,5,1,2
2024237,2,7,4
2024238,4,6,9
2024239,5,2,4
2024240,0,6,5
2024241,4,7,0
2024242,6,2,3
2024243,9,5,5
2024244,8,6,3
2024245,7,4,1
2024246,7,1,0
2024247,7,8,3
2024248,8,6,1
2024249,4,4,9
2024250,2,5,3
2024251,1,5,6
2024252,0,8,6
2024253,2,7,4
2024254,4,0,9
2024255,0,9,6
2024256,7,4,9
2024257,1,9,9
2024258,0,7,7
2024259,2,4,9
2024260,9,2,6
2024261,7,6,6
2024262,4,6,5
2024263,2,9,2
2024264,7,1,0
2024265,2,4,5
2024266,3,9,0
2024267,2,2,7
2024268,9,3,1
2024269,3,8,8
2024270,6,9,9
2024271,7,9,5
2024272,2,7,5
2024273,8,3,3
2024274,1,7,2
2024275,8,2,7
2024276,0,8,6
2024277,6,8,4
2024278,2,2,1
2024279,0,6,0
2024280,2,4,8
2024281,9,0,0
2024282,9,8,3
2024283,4,1,9
2024284,3,4,2
2024285,7,1,8
2024286,6,2,1
2024287,1,9,2
2024288,8,3,9
2024289,9,8,9
2024290,9,1,1
2024291,4,2,6
2024292,4,6,2
2024293,5,2,1
2024294,3,6,4
2024295,5,7,1
2024296,8,1,6
2024297,3,7,2
2024298,0,5,5
2024299,9,4,9
2024300,6,6,6
2024301,4,3,5
2024302,5,1,6
2024303,3,3,6
2024304,1,6,9
2024305,9,6,6
2024306,2,9,6
2024307,5,7,9
2024308,6,5,4
2024309,5,3,9
2024310,6,0,3
2024311,0,6,7
2024312,7,5,4
2024313,0,9,5
2024314,6,7,2
2024315,8,0,2
2024316,7,8,9
2024317,3,8,6
2024318,5,2,5
2024319,7,2,6
2024320,7,7,8
2024321,5,4,2
2024322,8,6,7
2024323,5,3,6
2024324,3,8,4
2024325,1,5,8
2024326,7,2,2
2024327,2,8,0
2024328,3,0,6
2024329,9,1,0
2024330,1,6,7
2024331,9,6,4
2024332,7,6,5
2024333,9,5,1
2024334,5,4,1
2024335,5,9,3
2024336,9,6,4
2024337,8,4,3
2024338,9,7,7
2024339,5,0,9
2024340,2,7,8
2024341,3,7,1
2024342,4,8,3
2024343,2,1,4
2024344,3,0,5
2024345,3,1,7
2024346,0,5,6
2024347,3,9,2
2024348,9,2,8
2024349,1,0,8
2024350,6,7,2
2024351,6,5,7
2024352,2,9,2
2025001,7,0,3
2025002,9,1,6
2025003,2,1,4
2025004,6,3,4
2025005,0,8,5
2025006,8,9,8
2025007,1,4,1
2025008,2,6,0
2025009,4,1,6
2025010,3,3,3
2025011,5,1,8
2025012,4,8,7
2025013,6,0,6
2025014,6,7,9
2025015,9,4,2
2025016,1,0,4
2025017,0,2,7
2025018,8,3,6
2025019,7,1,0
2025020,0,5,6
2025021,4,6,8
2025022,6,3,8
2025023,5,9,1
2025024,7,6,2
2025025,4,8,6
2025026,5,8,8
2025027,3,8,3
2025028,4,0,9
2025029,0,9,6
2025030,3,0,2
2025031,3,7,9
2025032,4,9,9
2025033,6,0,6
2025034,2,6,1
2025035,7,7,8
2025036,6,1,7
2025037,1,3,1
2025038,8,4,7
2025039,9,3,2
2025040,4,2,8
2025041,4,0,1
2025042,7,7,5
2025043,4,7,5
2025044,9,1,2
2025045,5,5,4
2025046,4,9,0
2025047,2,4,8
2025048,6,4,0
2025049,0,0,4
2025050,8,0,6
2025051,9,0,5
2025052,5,8,5
2025053,8,9,5
2025054,4,9,7
2025055,3,6,8
2025056,4,9,2
2025057,3,9,7
2025058,4,0,5
2025059,8,4,7
2025060,9,3,8
2025061,4,7,6
2025062,8,1,0
2025063,4,0,5
2025064,9,2,8
2025065,5,3,8
2025066,7,2,0
2025067,3,8,5
2025068,5,5,5
2025069,9,0,6
2025070,7,4,8
2025071,4,3,4
2025072,2,7,2
2025073,7,7,8
2025074,4,1,9
2025075,7,0,9
2025076,7,8,1
2025077,6,2,5
2025078,0,0,0
2025079,6,5,7
2025080,5,0,0
2025081,4,0,3
2025082,4,1,7
2025083,9,1,5
2025084,0,3,0
2025085,3,3,8
2025086,3,8,8
2025087,8,2,6
2025088,0,2,2
2025089,6,5,8
2025090,1,5,9
2025091,1,3,5
2025092,3,1,7
2025093,5,4,5
2025094,6,4,9
2025095,0,6,8
2025096,3,8,5
2025097,5,4,2
2025098,7,1,4
2025099,7,0,7
2025100,9,5,3
2025101,0,1,6
2025102,1,6,1
2025103,3,7,0
2025104,8,7,7
2025105,0,1,5
2025106,7,5,2
2025107,0,2,7
2025108,4,0,7
2025109,8,4,1
2025110,9,1,4
2025111,2,7,0
2025112,9,5,4
2025113,6,3,5
2025114,3,7,5
2025115,2,0,6
2025116,3,2,0
2025117,8,4,9
2025118,6,2,1
2025119,3,1,5
2025120,9,1,2
2025121,1,2,0
2025122,4,8,8
2025123,7,2,5
2025124,8,0,9
2025125,3,5,1
2025126,3,2,0
2025127,4,3,1
2025128,8,1,4
2025129,9,1,5
2025130,2,0,4
2025131,2,0,3
2025132,6,8,9
2025133,6,4,5
2025134,7,4,8
2025135,4,5,8
2025136,1,1,3
2025137,8,3,8
2025138,2,9,6
2025139,5,9,8
2025140,1,4,9
2025141,2,0,2
2025142,9,1,6
2025143,2,5,6
2025144,6,6,6
2025145,2,6,7
2025146,8,9,7
2025147,3,2,1
2025148,8,3,8
2025149,7,3,4
2025150,3,2,1
2025151,7,1,8
2025152,2,1,0
2025153,0,6,9
2025154,9,2,3
2025155,4,9,9
2025156,7,7,5
2025157,9,6,9
2025158,7,0,1
2025159,0,7,3
2025160,5,0,3
2025161,7,4,8
2025162,2,7,5
2025163,6,3,6
2025164,3,3,7
2025165,6,0,9
2025166,8,0,8
2025167,7,0,2
2025168,5,1,4
2025169,9,7,8
2025170,4,7,5
2025171,1,1,3
2025172,4,0,6
2025173,0,9,2
2025174,5,3,3
2025175,6,1,6
2025176,1,2,2
2025177,4,9,7
2025178,7,2,8
2025179,2,8,0
2025180,2,6,0
2025181,8,8,6
2025182,7,0,8
2025183,7,4,4
2025184,7,9,9
2025185,1,6,4
2025186,2,2,7
2025187,7,6,1
2025188,0,1,8
2025189,9,0,7
2025190,4,0,2
2025191,2,0,2
2025192,6,9,1
2025193,8,7,6
2025194,7,2,6
2025195,9,8,0
2025196,7,3,4
2025197,0,5,7
2025198,8,9,8
2025199,9,4,3
2025200,0,1,5
2025201,8,4,6
2025202,9,5,3
2025203,0,1,3
2025204,0,0,7
2025205,9,2,0
2025206,4,4,4
2025207,2,5,5
2025208,4,3,2
2025209,3,8,7
2025210,5,2,0
2025211,8,9,7
2025212,4,5,6
2025213,3,8,1
2025214,9,2,0
2025215,8,5,3
2025216,6,2,5
2025217,8,9,4
2025218,5,2,6
2025219,9,0,0
2025220,5,3,6
2025221,2,9,6
2025222,0,1,0
2025223,7,3,6
2025224,9,9,0
2025225,8,0,6
2025226,1,8,0
2025227,6,1,1
2025228,4,6,5
2025229,1,0,8
2025230,4,3,9
2025231,7,3,2
2025232,0,4,4
2025233,2,5,9
2025234,6,2,0
2025235,9,6,9
2025236,3,5,5
2025237,5,9,0
2025238,8,6,0
2025239,1,2,5
2025240,4,1,9
2025241,1,6,0
2025242,9,9,0
2025243,1,7,6
2025244,6,7,3
2025245,8,4,8
2025246,9,9,7
2025247,2,6,2
2025248,5,2,6
2025249,9,5,2
2025250,9,0,2
2025251,8,6,8
2025252,7,9,2
2025253,4,5,7
2025254,0,7,2
2025255,2,6,4
2025256,4,0,6
2025257,8,6,0
2025258,6,2,6
2025259,6,2,5
2025260,1,9,9
2025261,7,5,1
2025262,9,1,4
2025263,3,9,9
2025264,7,3,4
2025265,5,4,6
2025266,7,2,3
2025267,3,9,1
2025268,6,7,4
2025269,0,5,5
2025270,4,0,8
2025271,7,2,7
2025272,9,6,7
2025273,0,4,5
2025274,5,9,6
2025275,2,0,3
2025276,7,1,4
2025277,0,6,1
2025278,6,2,9
2025279,7,5,2
2025280,4,1,1
2025281,8,9,7
2025282,4,1,6
2025283,6,6,4
2025284,8,4,4
2025285,1,7,2
2025286,8,2,7
2025287,8,0,5
2025288,7,6,7
2025289,4,7,3
2025290,3,3,2
2025291,7,9,4
2025292,1,1,7
2025293,1,5,4
2025294,5,1,3
2025295,2,7,3
2025296,5,3,7
2025297,0,5,1
2025298,5,4,4
2025299,3,8,5
2025300,8,6,7
2025301,7,5,5
2025302,7,1,5
2025303,9,3,3
2025304,4,7,1
2025305,3,1,0
2025306,6,9,7
2025307,1,6,4
2025308,4,4,8
2025309,1,9,0
2025310,1,6,9
2025311,6,4,0
2025312,6,8,9
2025313,6,6,4
2025314,9,1,7
2025315,7,2,9
2025316,7,7,5
2025317,3,0,1
2025318,4,3,0
2025319,2,9,4
2025320,1,2,1
2025321,8,4,7
2025322,2,2,6
2025323,5,5,1
2025324,6,6,1
2025325,1,6,5
2025326,1,8,5
2025327,7,8,9
2025328,0,4,0
2025329,5,6,4
2025330,0,6,2
2025331,0,5,0
2025332,8,8,5
2025333,2,7,3
2025334,1,9,8
2025335,0,5,1
2025336,6,4,1
2025337,8,7,6
2025338,6,8,9
2025339,6,7,6
2025340,1,3,0
2025341,9,9,6
2025342,6,8,1
2025343,6,4,5
2025344,6,2,2
2025345,6,3,0
2025346,8,9,7
2025347,1,9,2
2025348,2,7,8
2025349,7,4,3
2025350,5,8,0
2025351,4,5,2
2026001,2,9,8
2026002,5,2,0
2026003,6,0,1
2026004,0,1,9
2026005,4,7,6
2026006,2,4,4
2026007,3,5,3
2026008,2,5,2
2026009,2,6,5
2026010,6,6,7
2026011,6,4,7
2026012,2,4,1
2026013,5,1,3
2026014,0,5,0
2026015,5,3,2
2026016,5,8,2
2026017,9,4,5
2026018,4,9,4
2026019,2,2,3
2026020,6,7,6
2026021,5,5,9
2026022,6,7,8
2026023,7,8,4
2026024,9,1,1
2026025,0,2,9
2026026,0,9,9
2026027,1,2,6
2026028,2,7,0
2026029,0,0,3
2026030,1,3,4
2026031,1,4,2
2026032,4,5,2
2026033,1,1,9
2026034,0,5,2
2026035,2,1,3
2026036,7,6,2
2026037,4,2,0
2026038,4,6,7
2026039,4,5,0
2026040,4,2,5
2026041,9,0,1
2026042,8,5,4
2026043,7,6,5
2026044,5,8,9
2026045,1,8,1
2026046,2,9,1
2026047,9,3,6
2026048,6,1,2
2026049,1,1,0
2026050,6,8,9
2026051,3,0,2
2026052,2,7,7
2026053,7,5,5
2026054,2,1,7
2026055,1,0,7
2026056,4,7,7
2026057,2,6,4
2026058,5,4,3
2026059,7,9,4
2026060,9,4,3
2026061,4,2,9
2026062,2,9,4
2026063,5,1,7
2026064,6,0,4
2026065,0,5,7
2026066,9,3,4
2026067,6,9,5
2026068,7,0,6
2026069,9,0,8
2026070,4,8,4
2026071,2,6,1
2026072,2,4,5
2026073,5,0,4
2026074,4,8,7
2026075,8,1,6
2026076,8,6,3
2026077,1,1,2
2026078,0,4,9
2026079,2,3,3
2026080,8,0,2
2026081,8,2,7
2026082,9,4,2
2026083,5,0,6
2026084,4,5,6
2026085,1,1,8
2026086,3,8,2
2026087,9,1,1
2026088,6,0,8
2026089,9,2,2
2026090,8,1,6
2026091,5,3,7
2026092,8,7,0
2026093,5,1,8
2026094,4,1,8
2026095,0,2,2
2026096,6,8,9
2026097,8,1,8
2026098,5,1,3
2026099,8,7,7
2026100,4,1,4
2026101,5,8,4
2026102,4,2,0
2026103,6,6,1
2026104,4,8,2
2026105,6,3,1
2026106,9,2,8
2026107,2,7,8
2026108,6,7,1
2026109,1,9,5
2026110,3,7,9
2026111,8,6,3
2026112,0,6,5
2026113,0,4,0
2026114,8,6,4
2026115,5,8,1
2026116,0,2,0
2026117,4,1,1
2026118,1,3,2
2026119,1,1,2
2026120,7,3,4
2026121,3,9,3
2026122,3,4,6
2026123,2,0,0
2026124,2,8,0
2026125,9,5,4
2026126,8,4,6
2026127,7,0,0
2026128,7,7,6
2026129,0,2,3
2026130,2,6,7
2026131,5,9,8
2026132,7,5,6
2026133,0,8,0
2026134,6,5,4
2026135,4,8,7
2026136,8,8,9
2026137,1,6,5
2026138,7,9,0
2026139,2,8,6
2026140,2,8,5
2026141,3,9,7
2026142,8,9,4
2026143,3,7,6
2026144,7,2,6
2026145,2,7,9
2026146,4,6,4
2026147,7,1,2
2026148,4,0,8
2026149,6,9,6
2026150,7,2,0
2026151,6,3,1
2026152,2,2,0
2026153,8,8,7
2026154,3,7,7
2026155,4,0,9
2026156,1,6,2
2026157,3,2,7
2026158,1,7,8
2026159,9,9,5
2026160,3,3,2
2026161,5,2,9
2026162,5,8,5
2026163,5,3,7
2026164,6,9,0
2026165,4,2,4
2026166,9,0,0
2026167,6,3,1
2026168,1,3,0
2026169,8,3,2
2026170,8,0,5
2026171,1,3,4
2026172,4,4,5
2026173,6,7,7
2026174,6,1,8
2026175,4,2,1
2026176,2,6,9
2026177,8,0,8
2026178,2,6,6
2026179,9,9,3
2026180,5,2,0
2026181,8,1,8
2026182,6,6,2
2026183,9,2,3
2026184,9,0,2
2026185,3,9,7
2026186,0,4,5
2026187,0,2,3
2026188,9,6,9
2026189,5,5,8
2026190,0,2,6
2026191,9,0,6
2026192,4,2,5
2026193,2,5,4
2026194,2,8,3
2026195,2,7,5
2026196,4,1,9
2026197,2,3,2
2026198,6,8,5
2026199,5,9,1
2026200,9,1,2
2026201,3,2,1
2026202,9,8,8
2026203,4,3,5
2026204,9,7,8
2026205,8,1,4
2026206,9,4,2
2026207,4,1,5
2026208,6,3,2
2026209,2,8,9
